wp:post_id,title,dc:creator,wp:post_date,post_tag,category
133,荷式路邊設計－舊衣回收桶,CindyLiao,2014-01-15 19:45:03,"['Breda', '創新', '設計']",['街拍543']
223,到底是荷蘭，還是尼德蘭？,OliviaDung,2012-12-27 14:08:28,"['English', '加勒比海荷屬地', '地理', '皇室']",['社會 & 文化']
254,希望與絕望的秘密角落－阿姆斯特丹安妮之家,YingChen,2012-02-08 22:57:56,"['English', '二戰', '博物館', '景點', '歷史', '阿姆斯特丹']",['人文 & 藝術']
260,阿姆斯特丹的消失八號電車－二戰猶太人電車,OliviaDung,2013-05-30 23:20:29,"['English', '二戰', '博物館', '歷史', '社會', '阿姆斯特丹']",['人文 & 藝術']
267,荷蘭冬季暖胃湯－不倒豌豆湯,OliviaDung,2012-02-07 00:00:00,"['English', '傳統', '冬天', '吃', '食譜']",['吃喝 & 玩樂']
275,挑戰你的廚房－昆蟲食譜,YingChen,2012-05-03 23:53:21,"['English', '創意', '吃', '書', '研究報告', '食譜']",['吃喝 & 玩樂']
279,荷式秋季經典料理－燉牛肉配燉西洋梨,OliviaDung,2012-10-20 23:59:13,"['English', '傳統', '吃', '秋天', '食譜']",['吃喝 & 玩樂']
283,有趣的荷蘭風車語言,SisiChan,2013-08-30 00:04:45,"['English', '傳統', '建築', '趣味', '風車']",['建築 & 設計']
298,荷蘭水力管理－土地與水共生的世界,OliviaDung,2012-10-11 00:42:57,"['三角洲工程', '創新', '水利管理', '環境']",['環境 & 科學']
305,你不可不知的「荷蘭趣事」（自然篇）,OliviaDung,2013-05-23 00:52:30,"['English', '史基浦', '氣候', '花', '豪達', '起司', '趣味', '鬱金香']",['環境 & 科學']
311,全球暖化的對策：減碳、調適、智慧型創新,LUChen,2013-11-26 01:11:30,"['氣候', '永續', '環境', '聯合國']",['環境 & 科學']
326,史上第一次合法的同性婚姻：13年前在荷蘭,OliviaDung,2013-06-03 11:16:23,"['English', '博物館', '同性戀', '婚姻', '愛情', '歷史', '社會', '阿姆斯特丹']",['社會 & 文化']
330,「你好！」荷蘭小青年對中國文化的印象,MathildaBanfield,2013-10-06 11:23:38,"['English', '文化比較']",['社會 & 文化']
575,面對全球氣候變遷與人口增長的建築新解－漂浮屋與City Apps,YingChen,2013-09-29 11:04:30,"['English', '創新', '建築', '氣候', '漂浮屋', '環境', '都市發展', '都市規劃']",['建築 & 設計']
665,荷蘭環境部長回應COP19：永續和減碳是持續不變的路線,LUChen,2014-01-16 15:09:35,"['低碳', '氣候', '永續', '環境', '聯合國']",['環境 & 科學']
670,Rough Guide評選鹿特丹為 2014 世界十大必遊城市之一,OliviaDung,2014-01-11 15:23:23,"['景點', '玩', '阿姆斯特丹', '鹿特丹']",['吃喝 & 玩樂']
676,荷蘭人的送禮哲學,YingChen,2014-01-08 15:36:10,"['文化比較', '節慶', '聖誕']",['社會 & 文化']
682,荷蘭經典冬季點心－Oliebollen,EsterChen,2014-01-02 15:48:14,"['傳統', '冬天', '吃', '節慶', '食譜']",['吃喝 & 玩樂']
695,搞棵聖誕樹來吧！Ho Ho Ho～Merry Christmas,CindyLiao,2013-12-16 16:18:40,"['博物館', '景點', '環境', '聖誕', '設計', '阿姆斯特丹']",['建築 & 設計']
703,中文也納入荷蘭高中畢業考試科目,JerryKuo,2013-11-15 16:37:42,"['教育', '文化比較']",['社會 & 文化']
387,中西送禮哲學大不同－荷蘭禮物的以表心意,song,2014-02-02 23:09:45,"['文化比較', '節慶', '聖誕']",['社會 & 文化']
520,橘色情人專題－文學中的愛情：荷蘭情詩,JerryKuo,2014-02-13 08:17:19,"['情人節', '愛情', '文學']",['人文 & 藝術']
531,荷蘭美食吃透透－2014荷蘭米其林指南出版,EsterChen,2014-02-03 08:49:03,"['吃', '情人節', '景點', '海牙', '阿姆斯特丹', '餐廳']",['吃喝 & 玩樂']
553,你所不知道的荷式可樂餅的秘密,YingChen,2014-02-05 09:13:15,"['傳統', '吃', '歷史', '食譜']",['吃喝 & 玩樂']
562,冬奧的政治角力，to go or not to go？,MathildaBanfield,2014-02-09 09:48:12,"['奧林匹克', '政治', '運動']",['社會 & 文化']
567,橘色情人專題－荷蘭男子的婚姻愛情故事,ChialinTing,2014-02-11 10:29:15,"['婚姻', '家庭', '情人節', '文化比較', '社會', '親子']",['社會 & 文化']
580,讓我們來動手做荷式牛肉可樂餅吧！,YingChen,2014-02-06 11:26:38,"['傳統', '吃', '食譜']",['吃喝 & 玩樂']
589,Chanel No.5香水書：一場嗅覺+視覺+觸覺的饗宴,CindyLiao,2014-02-07 11:58:14,"['創意', '書', '設計']",['建築 & 設計']
626,橘色情人專題－情趣也要設計：值得擁有的愛愛小玩意兒,CindyLiao,2014-02-13 13:19:27,"['創意', '性', '情人節', '愛情', '設計']",['建築 & 設計']
630,橘色情人專題-- 荷式情人節，是浪漫也是不浪漫？,QB,2014-02-14 08:29:14,"['情人節', '玩', '阿姆斯特丹']",['吃喝 & 玩樂']
635,來個荷蘭式的設計伴手禮吧！,CindyLiao,2014-01-27 13:41:42,"['文化比較', '節慶', '聖誕', '設計']",['建築 & 設計']
640,路邊的小小圖書館,LynneLin,2014-01-25 13:53:05,"['信任', '圖書館']",['街拍543']
646,荷蘭傳統書店 Polare 的困境,JerryKuo,2014-01-24 14:02:42,"['傳統', '書']",['社會 & 文化']
651,眼見不能為憑：荷蘭北布拉邦博物館的「錯覺畫法」展,Cynthia,2014-01-17 14:33:41,"['’s-Hertogenbosch', '博物館', '展覽', '藝術']",['人文 & 藝術']
753,滑雪不能溜冰大勝之荷式冬季活動,SisiChan,2014-02-17 09:52:21,"['冬天', '奧林匹克', '娛樂', '運動', '運河']",['吃喝 & 玩樂']
767,主婦、主夫們的狂歡節－家務展 Huishoudbeurs 2014,EsterChen,2014-02-19 14:46:37,"['展覽', '購物', '阿姆斯特丹']",['吃喝 & 玩樂']
775,是誰～讓低地國這麼低 ?!,Demon,2014-02-18 12:43:46,"['歷史', '水利管理', '環境', '花', '風車', '鬱金香']",['環境 & 科學']
851,阿姆斯特丹轉角遇到ART－書牆設計De Batavier,QB,2014-02-20 10:53:25,"['公共藝術', '景點', '書', '牆', '玩', '設計', '轉角遇到ART', '阿姆斯特丹']",['人文 & 藝術']
867,設計旅館－古蹟現代化的馬斯垂克Kruisherenhotel旅館,CindyLiao,2014-02-21 10:56:52,"['古蹟', '建築', '旅館', '設計', '餐廳', '馬斯垂克']",['建築 & 設計']
977,倖存者的孤寂：《暗殺》和小人物的創傷,JerryKuo,2014-02-23 09:11:04,"['二戰', '文學', '歷史']",['人文 & 藝術']
965,給孩子的禮物─荷式教育,KerwinChang,2014-03-02 08:37:15,"['教育', '社會']",['社會 & 文化']
984,海牙小珍珠：威廉王子五世畫廊 Galerij Prins Willem V,Cynthia,2014-02-26 10:07:44,"['博物館', '景點', '海牙', '藝術']",['人文 & 藝術']
990,「淨」又「悄悄」的荷蘭選舉,CindyLiao,2014-02-25 05:00:43,"['政治', '環境', '選舉']",['街拍543']
995,冬奧餘波之要聽教練的話！,JerryKuo,2014-02-24 13:26:23,"['奧林匹克', '運動']",['社會 & 文化']
1013,「要的不只是醫術，還有醫德」荷蘭醫療糾紛個案討論,sisilu,2014-02-27 08:00:05,"['個案討論', '家醫', '社會', '醫療']",['社會 & 文化']
1027,[三月主題特刊] 荷蘭大城小鎮踏青去,OranjeExpress,2014-02-28 14:25:21,[],['吃喝 & 玩樂']
1031,鹿特丹少女私房推薦：6個讓你翹腳聊天的好去處,OliviaDung,2014-03-01 14:08:43,"['Blaak', '吃', '景點', '玩', '餐廳', '鹿特丹']",['吃喝 & 玩樂']
1079,荷蘭旅遊全攻略：三款旅遊通行卡任你行,TaiHo,2014-03-04 01:41:36,"['博物館', '景點', '海牙', '烏特列支', '玩', '阿姆斯特丹', '鹿特丹']",['吃喝 & 玩樂']
1110,另類投資術：蜂蜜銀行Honey Bank,ShadowChen,2014-03-07 10:26:54,"['投資', '海牙', '環境']",['環境 & 科學']
1127,黃金屋與顏如玉：荷蘭圖書週,JerryKuo,2014-03-08 09:43:27,"['文學', '書', '活動']",['人文 & 藝術']
1134,小人物聚集的力量：荷蘭花卉拍賣公司 FloraHolland,SisiChan,2014-03-09 08:16:32,"['經濟', '花', '阿姆斯特丹']",['社會 & 文化']
1180,北荷蘭溫馨小城－Weesp,LynneLin,2014-03-11 08:19:55,"['weesp', '景點', '玩', '阿姆斯特丹']",['吃喝 & 玩樂']
1195,台荷辦公室文化大不同,100reasons,2014-03-12 08:12:09,"['合作文章', '文化比較', '柱狀式社會', '職場', '辦公室文化']",['社會 & 文化']
1204,吊橋圓環Hovenring自行車道的新舊傳承,CindyLiao,2014-03-14 08:00:34,"['Eindhoven', '公共建設', '建築', '歷史', '腳踏車']",['建築 & 設計']
1216,溫馨測速器讓你少去哭哭帳單,SisiChan,2014-03-15 10:19:29,"['交通', '環境']",['街拍543']
1222,神秘的荷蘭兄弟會(上),Demon,2014-03-17 10:28:04,"['Delft', '兄弟會', '社會']",['社會 & 文化']
1233,動物黨？50歲PLUS黨？荷蘭的選舉在玩什麼把戲？,Ivan Lin,2014-03-19 11:29:27,"['社會', '選舉']",['社會 & 文化']
1252,319 荷蘭地方（市）議會選舉之小市民我也要參加！,SeleneC,2014-03-19 10:19:01,"['社會', '選舉']",['社會 & 文化']
1297,政府與人民的對話－荷蘭Overijssel 空間規劃案,JohannaHuang,2014-03-20 10:58:50,"['Kampen', '三角洲工程', '人民溝通', '公共建設', '共識', '政府協商', '水利管理', '環境', '都市發展', '都市規劃']",['環境 & 科學']
1314,TAIWAN IS NIET TE KOOP ,OranjeExpress,2014-03-21 00:08:44,"['Dutch', 'Taiwan']",['社會 & 文化']
1339,老屋新生命之荷蘭賭場風雲再起,CindyLiao,2014-03-23 10:08:02,"['Breda', '古蹟', '建築', '賭場']",['建築 & 設計']
1353,破碎的種族禁忌：荷蘭PVV黨主席的語破天驚,JerryKuo,2014-03-24 23:23:06,"['政治', '種族議題', '選舉']",['社會 & 文化']
1358,Overheid zegt nee! Zorg onder jonge Taiwanese demonstranten groeit,OranjeExpress,2014-03-25 09:16:28,"['Dutch', 'Taiwan']",['社會 & 文化']
1369,到Zaandam來場建築欣賞、瞎拼，和歷史回顧的半日遊吧！,Cynthia,2014-03-27 11:12:02,"['Zaamdam', '博物館', '景點', '玩', '阿姆斯特丹', '風車']",['吃喝 & 玩樂']
1381,上帝的調色盤－Lisse花田繽紛燦爛中,SunnyTsui,2014-03-28 08:00:33,"['Lisse', '花']",['街拍543']
1397,米菲兔的故鄉－烏特勒支Utrecht,YingChen,2014-03-29 09:23:20,"['Miffy米菲兔', 'Utrecht', '博物館', '景點', '玩', '阿姆斯特丹']",['吃喝 & 玩樂']
1412,阿姆斯特丹轉角遇到ART－De Staalman,QB,2014-03-31 09:21:51,"['公共藝術', '景點', '設計', '轉角遇到ART', '阿姆斯特丹', '霍夫曼']",['人文 & 藝術']
1423,神秘的荷蘭兄弟會(下)：光明面之後的黑暗面,Demon,2014-04-01 09:12:17,"['Delft', '兄弟會', '社會']",['社會 & 文化']
1429,基本旅遊荷蘭文，吃喝玩樂沒問題！,JerryKuo,2014-04-03 09:15:32,"['吃', '學荷蘭文', '玩']",['吃喝 & 玩樂']
1436,遍地開花的驚喜：萊登詩牆,JerryKuo,2014-04-04 09:35:45,"['公共藝術', '文學', '景點', '牆', '玩', '萊登', '詩']",['人文 & 藝術']
1446,[三月主題特刊回顧] 荷蘭大城小鎮踏青去,OranjeExpress,2014-04-05 09:51:53,"['景點', '玩']",['吃喝 & 玩樂']
1454,到荷蘭超市選伴手禮－糖果餅乾部門,SisiChan,2014-04-06 09:49:01,"['吃', '玩', '紀念品', '購物', '超市']",['吃喝 & 玩樂']
1496,菜市場大嬸的荷蘭社會觀察報告,CindyLiao,2014-04-07 08:00:27,"['社會', '統計']",['社會 & 文化']
1503,台荷消費大不同之你買名品我買花,SunnyTsui,2014-04-08 10:20:27,"['消費行為', '花', '購物']",['社會 & 文化']
1513,正大光明打個你死我活－國際枕戰日,ellieliu,2014-04-09 10:00:24,"['活動', '烏特勒支', '趣味', '阿姆斯特丹']",['街拍543']
1533,芭比和她的包包們－亨德立克包包博物館,Cynthia,2014-04-10 09:46:41,"['博物館', '景點', '玩', '阿姆斯特丹']",['人文 & 藝術']
1554,艾雪（Escher）的奇幻之旅,LynneLin,2014-04-11 08:30:08,"['博物館', '景點', '海牙', '玩']",['人文 & 藝術']
1573,為「荷」英語能力高人一等？,cathychiu,2014-04-12 10:18:31,"['社會', '語言學習']",['社會 & 文化']
1580,荷蘭人的咖啡文化,SisiChan,2014-04-13 10:56:07,"['吃', '咖啡', '文化']",['社會 & 文化']
1589,打開荷蘭小朋友的書包,KerwinChang,2014-04-14 08:33:47,"['教育', '社會', '親子']",['社會 & 文化']
1606,荷蘭也搞南北戰？,CindyLiao,2014-04-16 11:19:25,"['地理', '文化比較', '歷史', '海尼根', '社會', '荷蘭人']",['社會 & 文化']
1619,到荷蘭超市吃夠夠－奶製品部門,SisiChan,2014-04-19 11:38:10,"['吃', '玩', '自助旅行', '荷蘭超市', '菲仕蘭牛乳', '購物']",['吃喝 & 玩樂']
1646,3D Printer 到底要 print 什麼？,Demon,2014-04-20 10:02:30,"['展覽', '建築', '玩', '科技', '設計', '阿姆斯特丹']",['建築 & 設計']
1668,女強者難出頭？淺談學術界的性別議題和荷蘭女人,OliviaDung,2014-04-21 09:57:19,"['兩性關係', '勞動市場', '學術', '家庭工作', '性別平等', '歐洲女性', '社會', '職場', '荷蘭女性']",['社會 & 文化']
1684,過個荷蘭地球日 ,JerryKuo,2014-04-22 08:38:22,"['文化', '書', '綠生活', '荷蘭永續']",['社會 & 文化']
1698,身高不是距離？聽聽籃球教練怎麼說,JerryKuo,2014-04-24 10:10:41,"['人物專訪', '籃球', '荷蘭人', '運動']",['社會 & 文化']
1717,荷蘭人之所謂美食,meg,2014-04-25 09:02:14,"['吃', '荷蘭人', '荷蘭食物', '起司', '食安', '馬鈴薯']",['社會 & 文化']
1727,台灣人在荷蘭之萊登奇遇記,LynneLin,2014-04-26 08:14:32,"['Maastricht', 'Zandaam', '玩', '腳踏車', '萊登']",['街拍543']
1735,歡慶百年來第一個國王節－創意不限！,Ching,2014-04-27 13:55:28,"['二手市場', '國王節', '橘色', '購物', '阿姆斯特丹']",['吃喝 & 玩樂']
1762,聽荷蘭人講古：採訪埃及學教授,SeleneC,2014-04-29 08:08:25,"['人物專訪', '博物館', '埃及學', '荷蘭人', '萊登']",['社會 & 文化']
1789,專訪荷蘭老龐克：反動的淡定,OliviaDung,2014-04-30 09:50:28,"['人物專訪', '宗教', '荷蘭人', '音樂', '鹿特丹', '龐克']",['社會 & 文化']
1822,未完的戰役：荷蘭文學中的二戰,JerryKuo,2014-05-01 08:47:36,"['二戰', '安妮之家', '安妮的日記', '文學', '歷史小說']",['人文 & 藝術']
1833,自由的慶典：荷蘭解放日,SisiChan,2014-05-02 12:27:21,"['Groningen', 'Leeuwarden', 'Maastricht', 'Wageningen', '慶典', '海牙', '玩', '解放日', '阿姆斯特丹', '鹿特丹']",['吃喝 & 玩樂']
1842,[四月主題特刊回顧] 關於荷蘭人,OranjeExpress,2014-05-04 09:17:16,['主題回顧'],['社會 & 文化']
1849,荷蘭古典樂首席－皇家大會堂管弦樂團,Kutuan,2014-05-07 09:22:28,"['古典樂', '皇家大會堂', '阿姆斯特丹', '音樂']",['人文 & 藝術']
1860,Ga naar buiten! 重視生活、鼓勵嘗試探索的荷式教育,KerwinChang,2014-05-10 09:57:00,"['教育', '社會', '親子']",['社會 & 文化']
1880,大樓De Rotterdam，是「酷思」還是「酷斯拉」？,CindyLiao,2014-05-12 08:20:26,"['Koolhaas', '建築', '荷蘭永續', '都市更新', '都市規劃', '鹿特丹']",['建築 & 設計']
1896,寓政於樂的歐洲歌唱大賽（Eurovision Contest）,meg,2014-05-15 09:10:46,"['歐洲政治', '歐洲盛事', '比賽', '流行文化', '音樂']",['社會 & 文化']
1903,荷蘭森林童話樂園－愛芬特林Efteling,Yuntsui,2014-05-16 23:51:42,"['景點', '樂園', '玩', '自助旅行', '親子']",['吃喝 & 玩樂']
1928,蓋在低地國的地球之舟 (Earthship)－Zwolle的綠建築茶館,LUChen,2014-05-18 10:07:36,"['公園', '回收', '建築', '環境教育', '荷蘭永續', '親子']",['環境 & 科學']
1956,2014世足賽開打，橘色金盃不是夢？,JerryKuo,2014-05-21 09:04:42,"['世足賽', '荷蘭隊', '足球', '運動']",['社會 & 文化']
1971,荷蘭國民點心－焦糖煎餅 Stroopwafel,Go2DutchCookie,2014-05-22 10:21:08,"['傳統', '吃', '荷蘭煎餅', '點心']",['吃喝 & 玩樂']
1988,「快樂」就交給我們吧！荷蘭幸福設計宣言,LavenderShe,2014-05-24 08:50:21,"['台夫特', '幸福', '生活設計', '產品設計', '設計']",['建築 & 設計']
2016,荷蘭傳統 Ringsteken 競賽,YuChia,2014-05-27 11:43:12,"['傳統', '慶典', '比賽', '活動']",['街拍543']
2027,一票走荷蘭：小人國Madurodam,SisiChan,2014-05-29 11:21:25,"['景點', '海牙', '玩', '自助旅行', '親子遊玩']",['吃喝 & 玩樂']
2049,百分百來自風力發電的火車,LUChen,2014-05-31 09:50:34,"['低碳', '氣候', '永續', '火車', '環境', '能源', '風力發電']",['環境 & 科學']
2057,六月夏季慶典燒滾滾,SisiChan,2014-06-01 13:41:56,"['吃', '景點', '活動', '海牙', '玩', '節慶', '自助旅行', '阿姆斯特丹', '鯡魚', '鹿特丹']",['吃喝 & 玩樂']
2066,「動力腳踏車」：過去印傳單，今日充手機,OliviaDung,2014-06-05 09:24:55,"['二戰', '史基浦機場', '機場充電', '歷史', '腳踏車']",['社會 & 文化']
2082,給對荷蘭科技創業有興趣的青年：創業環境&amp;路徑,DaveChiu,2014-06-06 09:24:45,"['企業', '創業', '科技', '經濟', '青年']",['社會 & 文化']
2092,給對荷蘭創業有興趣的青年：產業社群&amp;資訊,DaveChiu,2014-06-07 09:00:21,"['企業', '創業', '產業社群', '科技', '經濟', '青年']",['社會 & 文化']
2109,藝術或咖啡的下午,Yuntsui,2014-06-09 09:39:00,"['Delft', '景點', '藝術']",['街拍543']
2115,25歲CEO－荷蘭青年創業二三事,RachelWu,2014-06-11 09:07:53,"['創業', '設計', '青年']",['建築 & 設計']
2126,在荷蘭動物不流浪,meg,2014-06-14 11:03:56,"['動物', '動物福利', '流浪動物', '稅']",['社會 & 文化']
2148,荷蘭阿姆斯特丹老人住宅政策：老人更好的獨居生活,Astor,2014-06-15 08:00:11,"['安養中心', '社會福利', '老人', '阿姆斯特丹']",['社會 & 文化']
2161,跟老爸一起唱首歌：荷蘭歌手Alain Clark的《Father&amp;Friend》,OliviaDung,2014-06-16 09:29:35,"['歌手', '歌曲', '父親節']",['人文 & 藝術']
2176,鹿特丹國際詩歌節,JerryKuo,2014-06-18 11:58:05,"['文學', '活動', '詩', '鹿特丹']",['人文 & 藝術']
2184,荷蘭的企業社會責任,ElaineWU,2014-06-19 09:39:47,"['企業', '企業社會責任', '社會']",['社會 & 文化']
2193,荷蘭企業101－台灣人不可不知的荷蘭品牌,DaveChiu,2014-06-21 09:12:17,"['企業', '品牌', '社會']",['社會 & 文化']
2213,阿姆斯特丹轉角遇到ART－流浪貓咪水上庇護所De Poezenboot,QB,2014-06-23 09:13:52,"['動物', '流浪動物', '漂浮屋', '船', '貓', '轉角遇到ART', '阿姆斯特丹']",['社會 & 文化']
2232,荷蘭的青蛙隧道,sisilu,2014-06-26 09:26:48,[],['街拍543']
2240,FSC 認證－隱藏在荷蘭生活周遭的永續標章,LWC,2014-06-27 09:17:15,"['標章', '樹木', '永續', '環境保護']",['環境 & 科學']
2262,淺談荷蘭今昔勞工法發展史,SeleneC,2014-06-29 08:57:56,"['在荷蘭工作', '歷史', '荷蘭勞工法']",['社會 & 文化']
2272,荷味十足的 GOOGLE 阿姆斯特丹辦公室,OliviaDung,2014-07-01 09:42:38,"['Google', '建築', '腳踏車', '荷蘭煎餅', '設計', '辦公室', '阿姆斯特丹']",['建築 & 設計']
2288,隔壁鄰居的飯菜香－荷蘭Share your meal網站,WSHua,2014-07-04 09:56:15,"['吃', '料理']",['吃喝 & 玩樂']
2300,荷蘭隊真的很神？,JerryKuo,2014-07-09 19:58:09,"['世界盃', '足球', '運動']",['社會 & 文化']
2319,雜食者的兩難－有關荷蘭經濟動物的命題,meg,2014-07-12 16:38:27,"['動物', '動物福利', '社會', '經濟']",['社會 & 文化']
2329,荷蘭豆知識講堂－荷蘭地理,SisiChan,2014-07-14 12:52:21,"['三角洲', '地理', '旅遊', '海牙', '玩', '運河', '阿姆斯特丹']",['環境 & 科學']
2367,陸空雙棲的荷蘭飛行車 PAL-V,CindyLiao,2014-07-16 09:16:42,"['創新', '工業設計', '科技', '荷蘭設計', '設計', '飛行車']",['建築 & 設計']
2374,旅遊文學：刺激還是放鬆？,JerryKuo,2014-07-20 09:19:44,"['文學', '旅行', '書', '玩']",['人文 & 藝術']
2398,萊頓大學的海鷗研究員,LUChen,2014-07-24 06:33:31,"['動物', '海鷗', '萊頓']",['街拍543']
2401,從搖籃到搖籃（C2C）－逐漸盛行荷蘭的永續理念與標章,LWC,2014-07-25 09:17:13,"['搖籃到搖籃', '環境保護', '芬洛', '荷蘭永續']",['環境 & 科學']
2429,荷蘭菲仕蘭省－陽光、海島和乳牛,SisiChan,2014-07-27 16:13:14,"['Leeuwarden', '夏季', '旅遊', '玩', '菲仕蘭省']",['吃喝 & 玩樂']
2440,阿姆斯特丹轉角遇到ART－Feestelijke Beeldenreeks無限創意,QB,2014-07-30 08:00:51,"['RAI', '公共藝術', '轉角遇到ART', '阿姆斯特丹']",['人文 & 藝術']
2453,誰的工作、誰的選擇？淺談生產在荷蘭,meg,2014-07-31 00:00:12,"['婦產科', '居家生產', '醫療']",['社會 & 文化']
2517,Pink Fair with Love 荷蘭粉色同志派對（Roze Dagen）,HunterWu,2014-08-02 09:00:55,"['Roze Dagen', 'Tilburg', '同志', '同志大遊行', '阿姆斯特丹']",['吃喝 & 玩樂']
2564,御風而行－荷蘭雨傘品牌 senz°,meg,2014-08-05 13:41:10,"['senz°', '品牌行銷', '產品設計', '荷蘭設計', '行銷', '雨傘']",['建築 & 設計']
2578,世界大學排名－荷蘭全國 13 家「大學」榜上有名,OliviaDung,2014-08-07 13:51:58,"['大學評鑑', '留學推薦', '荷蘭大學', '荷蘭教育', '荷蘭留學', '高等教育']",['留學荷蘭']
2583,荷蘭澤蘭省：沙灘男（女）孩、淡菜大餐、三角洲工程,SisiChan,2014-08-10 15:37:31,"['荷蘭必吃', '荷蘭必玩', '荷蘭旅遊', '荷蘭旅遊推薦', '荷蘭水上活動', '荷蘭海邊']",['吃喝 & 玩樂']
2591,Make a Difference！荷蘭社會企業創業家,RachelWu,2014-08-12 10:27:22,"['Freitag', 'Trashy Bags', '創業', '生活設計', '產品設計', '社會企業', '社會志工', '社會設計', '荷蘭永續']",['建築 & 設計']
2602,低地國荷蘭的越野自行車探險之旅,WSHua,2014-08-14 09:02:30,"['國家公園', '夏季', '背包客', '腳踏車', '荷蘭旅遊推薦', '荷蘭自助行', '越野自行車']",['吃喝 & 玩樂']
2384,荷蘭公園裡的狗兒王國,LUChen,2014-08-16 09:00:30,"['公園', '動物', '狗', '玩']",['街拍543']
2633,開放的共識城市：阿姆斯特丹「維基城市」的2040 願景與實踐（一）,Astor,2014-08-19 09:27:43,"['人民溝通', '共識', '政府協商', '都市發展', '都市規劃', '阿姆斯特丹']",['建築 & 設計']
2656,經濟危機下的荷蘭育兒經：玩具圖書館與二手市場,helanonline,2014-08-21 09:48:00,"['合作文章', '教育', '經濟', '育兒', '購物']",['社會 & 文化']
2695,荷蘭大麻：合法與非法之間,OliviaDung,2014-08-24 03:30:31,"['大麻', '景點', '毒品', '社會', '荷蘭人', '阿姆斯特丹']",['社會 & 文化']
2717,阿姆斯特丹維基城市的夢想與實踐（二）：衝突與挑戰,Astor,2014-08-27 03:00:17,"['人民溝通', '共識', '政府協商', '都市發展', '都市規劃', '阿姆斯特丹']",['建築 & 設計']
2725,BILLY CASH撲滿裡的幸福經濟學,LavenderShe,2014-08-30 03:00:17,"['儲蓄', '台夫特', '存款', '幸福', '生活設計', '產品設計', '科技', '設計']",['建築 & 設計']
2744,菜市場大嬸碎念荷蘭入門買房經,CindyLiao,2014-09-01 03:00:44,"['房屋貸款', '社會', '經濟', '買房']",['社會 & 文化']
2778,荷蘭今日最新奇：雞蛋自動販賣機,QB,2014-09-04 03:00:08,"['動物', '新奇', '販賣', '雞蛋']",['街拍543']
2786,還地於河：荷蘭傳統水利工程框架下的政策發展,Astor,2014-09-06 03:00:20,"['三角洲工程', '政策', '水利管理']",['環境 & 科學']
2796,藝術家紀柏豪在荷蘭V2_的獨白,ChiPoHao,2014-09-09 03:00:41,"['台荷交流', '數位藝術', '藝術', '駐村藝術']",['人文 & 藝術']
2803,荷蘭秋天的酸甜好滋味－尋訪荷式蘋果塔,YingChen,2014-09-11 03:00:25,"['吃', '甜點', '秋天', '蘋果塔', '蘋果派']",['吃喝 & 玩樂']
2813,第六屆鹿特丹建築雙年展：城市與自然,Yuntsui,2014-09-13 03:00:36,"['建築', '永續', '自然', '設計', '都市規劃', '雙年展', '鹿特丹']",['建築 & 設計']
2838,自己動手做荷式蘋果塔！,YingChen,2014-09-16 03:00:41,"['吃', '甜點', '秋天', '蘋果塔', '蘋果派', '食譜']",['吃喝 & 玩樂']
2850,烏特勒支Utrecht孤兒院的秘密,YvonneLiu,2014-09-18 03:00:07,"['Utrecht', '博物館', '古蹟', '文化遺產', '歷史', '烏特勒支', '藝術']",['人文 & 藝術']
2861,踏上梵谷早期的足跡,CindyLiao,2014-09-20 03:00:52,"['梵谷', '梵谷之家', '梵谷之村', '藝術']",['人文 & 藝術']
2873,荷蘭能源知識家：天然氣篇,LUChen,2014-09-24 03:00:02,"['天然氣', '核能', '環境', '能源']",['環境 & 科學']
2887,萊頓樂手六人行,PaoYi,2014-09-27 03:00:42,"['節慶', '腳踏車', '趣味']",['街拍543']
2894,阿姆斯特丹轉角遇到ART－十分錢住宅 Dubbeltjespanden,QB,2014-10-02 03:00:35,"['公共藝術', '建築', '社會住宅', '裝置藝術', '轉角遇到ART', '阿姆斯特丹']",['人文 & 藝術']
2908,在荷蘭租得起房子：社會住宅、評價式出租方案和有保障的市場租屋,DoreenChen,2014-10-04 03:00:28,"['住宅政策', '社會住宅', '租屋']",['社會 & 文化']
2919,荷蘭社會住宅的現況與迷思,JohannaHuang,2014-10-06 03:00:45,"['房屋市場', '政府政策', '新移民', '社會住宅']",['社會 & 文化']
2925,一個世紀來荷蘭居住政策的演變,JohannaHuang,2014-10-07 03:00:53,"['住宅法', '公共政策', '城市發展', '居住權', '歷史', '經濟']",['社會 & 文化']
2940,荷蘭社會住宅：用時間換取空間？,JerryKuo,2014-10-08 03:00:36,"['住宅政策', '歷史', '社會住宅']",['社會 & 文化']
2966,海上冒險王—在荷蘭菲仕蘭省乘風破浪玩風帆,WSHua,2014-10-11 03:00:30,"['Frisland', '吃', '夏季', '旅遊', '景點', '水上運動', '玩', '菲仕蘭省', '風帆']",['吃喝 & 玩樂']
2978,夏季駐村荷蘭 V2 動態媒體中心的成果,ChiPoHao,2014-10-16 03:00:04,"['V2', 'WWWk藝術節', '創作', '科技', '藝術', '設計', '鹿特丹']",['人文 & 藝術']
2985,荷蘭傳統木屐 Klompen 的花式變化,CindyLiao,2014-10-14 03:00:57,"['木屐', '木鞋', '玩', '風車村']",['街拍543']
3003,看得懂的Open Data：荷蘭 2015 年度財政預算,OliviaDung,2014-10-19 03:00:29,"['國家預算', '政策', '溝通', '王子', '經濟', '財政']",['社會 & 文化']
3018,打開水龍頭就可以喝－荷蘭飲用水哪裡來？,LUChen,2014-10-22 03:00:04,"['合作文章', '水利管理', '水源', '環境', '生飲水']",['環境 & 科學']
3026,令人無法道賀的荷蘭設計獎得主Sweetie,CindyLiao,2014-10-26 03:00:20,"['服務設計', '科技', '網路', '罪犯', '荷蘭設計獎', '虛擬']",['建築 & 設計']
3035,荷蘭自行車生活與文化,sasson19,2014-10-28 02:00:31,"['公共建設', '合作文章', '文化', '旅遊', '玩', '腳踏車']",['社會 & 文化']
3045,荷蘭的光輝十月：阿克馬與萊頓解放日,LUChen,2014-10-30 02:00:22,"['慶典', '戰爭', '歷史', '玩', '萊頓', '解放日', '阿克馬']",['社會 & 文化']
3083,梅琴梅藝：奈梅亨露天鋼琴演奏會,kitchuila,2014-11-01 02:00:19,"['Nijmegen', '公共藝術', '合作文章', '奈梅亨', '鋼琴', '音樂']",['街拍543']
3090,「佔／暫住下來」荷蘭空屋保衛戰,YuChia,2014-11-06 02:00:59,"['住', '佔屋', '另類', '社會運動', '租屋']",['社會 & 文化']
3104,就是要讓你把菸蒂、口香糖往地上丟,CindyLiao,2014-11-11 02:00:08,"['公共建設', '垃圾']",['街拍543']
3111,荷蘭設計名校Design Academy Eindhoven裡的台灣之光（上）,OranjeExpress,2014-11-15 02:00:57,"['Design Academy Eindhoven', '創意', '展覽', '產品', '設計']",['建築 & 設計']
3142,荷蘭設計名校Design Academy Eindhoven裡的台灣之光（下）,OranjeExpress,2014-11-16 02:00:37,"['Design Academy Eindhoven', '創意', '展覽', '產品', '設計']",['建築 & 設計']
3168,荷蘭Eindhoven光影盛宴GLOW,LisaXu,2014-11-19 02:00:15,"['Eindhoven', 'GLOW', '公共藝術', '景點', '活動', '玩', '祭典', '藝術', '設計']",['街拍543']
3187,荷蘭選舉面面觀(一)：依政黨比例組成的上下議院,LUChen,2014-11-25 02:00:24,"['上下議院', '國會', '政治', '政黨', '社會', '選舉']",['社會 & 文化']
3213,荷蘭選舉面面觀(二)：荷蘭版「市長給窺嗎」：投票心理測驗站,OliviaDung,2014-11-26 09:37:13,"['投票', '政治', '社會', '科技', '選舉']",['社會 & 文化']
3227,荷蘭選舉面面觀(三)：荷蘭青年學子也瘋參政？,YuChia,2014-11-27 02:00:24,"['學生', '市議會', '政治', '政黨', '烏特勒支', '社會', '選舉']",['社會 & 文化']
3242,荷蘭選舉面面觀(四)：沒有個人選戰，就沒有政治醜聞嗎？,JerryKuo,2014-11-28 09:57:19,"['政治', '皇室', '社會', '荷蘭選舉']",['社會 & 文化']
3268,一個小女孩的成長故事：「安妮ANNE」話劇,LisaXu,2014-12-02 02:00:42,"['二戰', '安妮的日記', '歷史', '藝術', '表演', '話劇', '阿姆斯特丹']",['人文 & 藝術']
3274,荷蘭人的聖誕老公公－聖尼可拉斯,SisiChan,2014-12-04 02:11:21,"['歷史', '活動', '玩', '節慶', '聖誕節']",['吃喝 & 玩樂']
3285,荷蘭基督徒之聖經帶 Bible belt,Karen,2014-12-08 02:00:21,"['保險', '信仰', '傳統', '文化', '社會', '聖經帶']",['社會 & 文化']
3294,荷蘭聖誕市集花樣多多－洞穴、古堡、手工創意任你挑,YuChia,2014-12-10 02:00:30,"['吃', '活動', '狄更斯節', '玩', '聖誕市集', '聖誕節', '購物', '阿姆斯特丹']",['吃喝 & 玩樂']
3309,荷蘭綠手指天堂：園藝中心,MingShu,2014-12-13 02:00:30,"['園藝中心', '玩', '節慶', '購物']",['吃喝 & 玩樂']
3319,玻璃房裡的慈善,JerryKuo,2014-12-16 02:00:59,"['合作文章', '活動', '節慶', '聖誕節']",['社會 & 文化']
3330,歡樂聖誕之冬季小人國,CindyLiao,2014-12-19 02:00:18,"['冬季', '園藝中心', '小人國', '玩', '聖誕節', '裝飾', '購物']",['街拍543']
3340,荷蘭冬季限定聖誕大餐,WSHua,2014-12-21 02:00:06,"['吃', '料理', '節慶', '聖誕節', '超市']",['吃喝 & 玩樂']
3351,荷蘭王國憲法200週年(上)：從共和國走向君主國的崎嶇旅程,LUChen,2014-12-24 00:00:30,"['政治', '歷史', '皇室']",['社會 & 文化']
3362,荷蘭毒品文化：使用者無罪?,QB,2014-12-27 02:00:55,"['大麻', '毒品', '阿姆斯特丹']",['社會 & 文化']
3377,荷蘭王國憲法200週年(下)：從君主統治走向議會民主,LUChen,2014-12-31 02:00:43,"['憲法', '政治', '歷史', '皇室']",['社會 & 文化']
3388,荷蘭傳統新年活動－下水典禮,SisiChan,2015-01-02 11:02:57,"['慶典', '新年', '活動']",['吃喝 & 玩樂']
3394,阿姆斯特丹燈節Amsterdam Light Festival,CindyLiao,2015-01-05 02:00:23,"['燈節', '玩', '阿姆斯特丹']",['吃喝 & 玩樂']
3402,荷蘭大眾文學：一定要是足球嗎？,JerryKuo,2015-01-08 02:00:51,"['小說', '文學', '荷蘭國鐵', '閱讀']",['人文 & 藝術']
3416,打開鹿特丹市場Markthal的玻璃帷幕,Demon,2015-01-11 02:00:19,"['MVRDV', '市場', '建築', '歐盟法規', '玩', '購物', '鹿特丹']",['建築 & 設計']
3432,留學的另一種選擇：歐洲碩博士學位Erasmus Mundus解密,kitchuila,2015-01-14 02:00:49,"['Erusmas', '合作文章', '留學']",['留學荷蘭']
3451,歡迎到波希Jheronimus Bosch的幻想世界！,Cynthia,2015-01-18 02:28:13,"['Den Bosch', '畫家', '藝術']",['人文 & 藝術']
3460,不要再去英美了啦！來荷蘭留學吧：荷蘭的博士制度與申請方式,ChingHung,2015-01-22 02:00:48,"['博士', '教育', '留學']",['留學荷蘭']
3478,藝術家如何做個文化間的國際漫遊者？,SandyTu,2015-01-25 03:10:03,"['創作', '台荷交流', '教育', '文化', '旅行', '藝術', '駐村藝術']",['人文 & 藝術']
3492,公式外的人生勝利組－荷蘭大學生現身說法,shiao,2015-01-29 02:00:27,"['大學', '就業', '留學']",['留學荷蘭']
3507,歐洲碩博士學位Erasmus Mundus大哉問,kitchuila,2015-02-01 02:00:58,"['博士', '合作文章', '教育', '獎學金', '留學', '碩士']",['留學荷蘭']
3517,沙皇的珍蛋－荷蘭德倫特博物館特別展,Cynthia,2015-02-05 02:00:42,"['博物館', '展覽', '彩蛋', '德倫特', '藝術']",['人文 & 藝術']
3540,荷蘭諷刺漫畫《Fokke &amp; Sukke 》,JerryKuo,2015-02-09 02:00:50,"['媒體', '政治', '新聞', '漫畫', '諷刺']",['社會 & 文化']
3560,花花草草之情人節浪漫,SisiChan,2015-02-12 02:00:26,"['情人節', '植物']",['街拍543']
3565,建築，重新定義－台灣女生在荷蘭創立的非營利建築實驗平台,RachelWu,2015-02-15 02:20:38,"['創業', '台灣人在荷蘭', '建築']",['建築 & 設計']
3578,你好，這裡是荷事生非，我們聊荷蘭事,OliviaDung,2015-02-18 17:00:04,['編輯台'],['社會 & 文化']
3592,蘭船東來：荷屬東印度公司的崛起（上）,Kim,2015-02-21 02:00:58,"['台灣', '東印度公司', '歷史', '經濟', '貿易']",['社會 & 文化']
3606,蘭船東來：荷屬東印度公司的崛起（下）,Kim,2015-02-21 02:00:23,"['台灣', '東印度公司', '歷史', '經濟', '貿易']",['社會 & 文化']
3624,荷蘭現代版紙上談兵：政策專家玩的治水桌遊,JohannaHuang,2015-02-27 02:27:12,"['政策', '水利管理', '環境']",['環境 & 科學']
3642,荷蘭瘋很大－淺談荷蘭流行風潮的前世今生,kitchuila,2015-03-01 02:00:33,"['吃', '文化', '時尚', '流行']",['社會 & 文化']
3654,荷蘭春之旅－花田嬉事,SisiChan,2015-03-06 04:03:26,"['春天', '玩', '花卉', '阿姆斯特丹']",['吃喝 & 玩樂']
3668,Frank Underwood阿姆斯特丹街頭出沒中！,QB,2015-03-11 02:00:56,"['名人', '廣告', '海牙', '街頭藝術', '阿姆斯特丹', '電視', '鹿特丹']",['街拍543']
3677,員工到底可以請多長的病假？荷蘭全球最長,Cynthia,2015-03-09 02:00:57,"['勞工法', '工作', '社會', '職場']",['社會 & 文化']
3731,荷蘭水利會：窪地、妥協與選舉,JerryKuo,2015-03-13 02:00:12,"['政治', '水利管理', '治水', '選舉']",['社會 & 文化']
3740,荷蘭水上住宅百百種(上),Demon,2015-03-18 06:00:32,"['創新', '建築', '氣候', '水上住宅', '漂浮屋', '環境', '菲士蘭', '都市發展']",['建築 & 設計']
3750,荷蘭高教之適性發展：適誰的性、成誰的就？,meg,2015-03-18 02:00:34,"['大學', '教育', '留學', '高等教育']",['社會 & 文化']
3765,荷蘭水上住宅百百種(下),Demon,2015-03-22 02:00:28,"['創新', '建築', '氣候', '水上住宅', '漂浮屋', '環境', '都市發展', '鹿特丹']",['建築 & 設計']
3780,在荷蘭學永續－工業生態學碩士學程大搜集,WeiHanWu,2015-03-25 02:00:00,"['政策', '永續', '環境', '留學', '能源']",['留學荷蘭']
3792,理工大學裡的設計學院：荷蘭台夫特TU Delft建築學院和Urbanism碩士學程,alleychu,2015-03-27 02:00:35,"['台夫特', '建築', '留學', '碩士', '設計', '都市規劃']",['留學荷蘭']
3809,incotec－創造傳遞永續價值的種子,OranjeExpress,2015-03-29 03:00:28,"['企業', '創新', '永續', '環境', '農業']",['環境 & 科學']
3821,在荷蘭看台灣和亞洲電影：CinemAsia亞洲電影節爆米香,RachelWu,2015-03-30 02:18:32,"['CinemAsia', '亞洲', '亞洲電影節', '娛樂', '文化', '荷蘭&台灣', '電影']",['吃喝 & 玩樂']
3841,歐元下跌，荷蘭轉機在何處？,JerryKuo,2015-04-01 01:00:37,"['歐元', '消費', '經濟']",['社會 & 文化']
3848,墓仔埔也敢去(上)：教堂是聖地也是墓地,JohannaHuang,2015-04-04 01:00:27,"['公共空間', '台夫特', '名人', '教堂', '文化', '歷史', '皇室', '節慶']",['建築 & 設計']
3859,墓仔埔也敢去(下)：是墓園還是公園？,JohannaHuang,2015-04-05 01:00:02,"['公共空間', '公園', '台夫特', '文化', '歷史', '節慶']",['建築 & 設計']
3879,三個願望一次滿足的鹿特丹水廣場,Yuntsui,2015-04-19 01:00:11,"['公共建設', '創新', '合作文章', '建築', '治水', '設計', '都市空間', '鹿特丹']",['建築 & 設計']
3888,瑞典宮廷畫家羅斯林與他的肖像畫,Cynthia,2015-04-07 01:00:42,"['博物館', '展覽', '故事', '皇室', '藝術']",['人文 & 藝術']
3907,荷蘭碩士申請經驗談,OranjeExpress,2015-04-10 01:00:31,"['教育', '留學', '碩士']",['留學荷蘭']
3913,棄照明轉健康醫療，荷蘭飛利浦出售LED部門,JJan,2015-04-12 01:00:39,"['企業', '合作文章', '商業', '新聞', '科技', '策略']",['環境 & 科學']
3916,家裡也可以是藝廊，來來來，把藝術品搬回家－荷蘭藝術品出租,Cynthia,2015-04-23 02:00:48,"['出租', '居家', '展覽', '藝術']",['人文 & 藝術']
3923,技術哲學？荷蘭除了腳踏車之外的另類世界最強大（1/2）,ChingHung,2015-04-15 01:00:07,"['創新', '台夫特大學', '哲學', '學術研究', '湍特大學', '留學', '科技']",['留學荷蘭']
3932,技術哲學？荷蘭除了腳踏車之外的另類世界最強大（2/2）,ChingHung,2015-04-17 01:00:53,"['創新', '台夫特大學', '哲學', '學術研究', '湍特大學', '留學', '科技']",['留學荷蘭']
3950,阿姆斯特丹櫻吹雪,KerwinChang,2015-04-21 02:00:15,"['景點', '阿姆斯特丹']",['街拍543']
3957,荷蘭烏特勒支大學 Utrecht University,YingChen,2015-04-29 02:00:14,"['大學', '教育', '烏特勒支', '留學', '碩士班', '社會學']",['留學荷蘭']
3964,蛻變－克勞蒂亞(粉紅安妮),kitchuila,2015-04-25 02:00:07,"['人物', '合作文章', '社會']",['人文 & 藝術']
3986,失落空間的荷式永續復興I：文創社區破除工廠禁區的魔咒Stijp-S,CindyLiao,2015-05-03 02:00:51,"['住宅', '合作文章', '埃因霍芬Eindhoven', '工廠', '建築', '文創', '永續', '都市更新', '飛利浦']",['建築 & 設計']
3996,荷蘭春天的雪白佳餚－白蘆筍,EsterChen,2015-05-06 02:00:08,"['吃', '季節料理', '春天', '白蘆筍', '食譜']",['吃喝 & 玩樂']
4024,新一波車牌組合上路：荷蘭車牌二三事,JerryKuo,2015-05-08 07:33:27,"['二戰', '故事', '歷史', '車']",['社會 & 文化']
4032,瓦格寧根Wageningen：二戰德國與荷蘭談判、簽署停戰條約的地方,Continue,2015-05-11 23:59:15,"['二戰', '故事', '景點', '歷史', '活動', '玩', '瓦格寧根Wageningen', '解放日']",['街拍543']
4042,台灣人來荷蘭工作基本須知及認識,TRON,2015-05-15 02:00:20,"['合作文章', '外派', '實習', '居留', '工作', '工作證', '法規', '留學', '社會']",['社會 & 文化']
4053,失落空間的荷式永續復興II：鹿特丹，戰後住宅公寓大轉型,chiyiliao,2015-05-19 01:07:27,"['合作文章', '建築', '改建', '永續', '社會', '社會住宅']",['建築 & 設計']
4072,校園輔導創業：荷蘭大學的永續創業課程體驗,shojlin,2015-05-22 01:35:02,"['企業', '創業', '台夫特Delft', '永續', '環境', '青年']",['留學荷蘭']
4082,失落空間的荷式永續復興III：鹿特丹，RDM Campus,JohannaHuang,2015-05-26 23:28:05,"['創新', '合作文章', '建築', '改建', '永續', '社會']",['建築 & 設計']
4094,天才永遠不寂寞，荷蘭變色龍畫家：李奧‧埃斯托Leo Gestel,Cynthia,2015-05-29 00:08:32,"['博物館', '名畫家', '展覽', '玩', '藝術']",['人文 & 藝術']
4117,荷蘭發明－自行修復的生物混凝土,Yuntsui,2015-06-01 23:26:03,"['創新', '建築', '永續', '環境', '發明', '科學']",['建築 & 設計']
4167,失落空間的荷式永續復興IV：永續裡的「人和」--阿姆斯特丹Rijksmuseum,Demon,2015-06-06 23:51:50,"['Rijksmuseum', '創新', '合作文章', '國立博物館', '建築', '永續', '阿姆斯特丹']",['建築 & 設計']
4181,米飛兔六十週年慶之抓兔子去,QB,2015-06-09 23:16:07,"['Miffy', '史基浦', '展覽', '活動', '海牙', '烏特勒支', '米飛兔', '藝術', '裝置藝術', '阿姆斯特丹']",['人文 & 藝術']
4200,凝聚助人的熱情－荷蘭Wereld Winkel世界商店,Cynthia,2015-06-12 00:50:02,"['fair trade', '公平交易', '公益', '買', '購物']",['社會 & 文化']
4214,米飛兔出沒注意！烏特勒支獵兔行動！,YvonneLiu,2015-06-16 01:09:47,"['Utrecht', '烏特勒支', '玩', '米飛兔', '街頭藝術']",['吃喝 & 玩樂']
4230,價標以外的價值—從文創談米飛的童趣角色經濟,LavenderShe,2015-06-18 22:50:18,"['創意', '商業', '文化', '米飛兔', '經濟', '角色經濟']",['人文 & 藝術']
4241,解開Miffy的N個秘密，直擊台北米飛兔60週年特展！,OranjeExpress,2015-06-24 00:58:42,"['台灣', '展覽', '活動', '玩', '米飛兔']",['吃喝 & 玩樂']
4271,失落空間的荷式永續復興V：前衛音樂的垂直城市A'DAM,CindyLiao,2015-06-26 01:47:04,"['合作文章', '垂直城市', '建築', '永續', '都市規劃', '阿姆斯特丹']",['建築 & 設計']
4291,難民之難難於上青天？,JerryKuo,2015-06-28 23:25:34,"['人權', '合作文章', '政策', '歐盟', '社會', '議題', '難民']",['社會 & 文化']
4297,荷蘭最古老大學—萊頓大學(Leiden University)之院系所指南,LUChen,2015-06-30 00:13:49,"['博士', '大學教育', '教育', '歷史', '留學', '碩士', '萊頓']",['留學荷蘭']
4332,在荷蘭買房子：住者有其屋的合理自由,meg,2015-07-02 23:15:17,"['住宅', '合作文章', '居住', '房屋貸款', '新移民', '經濟', '買房']",['社會 & 文化']
4344,綠色城市旅遊－手掌握—永續鹿特丹App,Yuntsui,2015-07-05 01:41:38,"['APP', '創新', '建築', '景點', '永續', '玩', '鹿特丹']",['建築 & 設計']
4355,結合城市生態再生的鹿特丹中央車站,Kimberly,2015-07-07 23:18:45,"['English', '城市', '建築', '景點', '玩', '設計', '車站', '鹿特丹']",['街拍543']
4376,無懼風雨亦無阻：《風雨無阻》書評,JerryKuo,2015-07-10 00:55:25,"['出版', '教育', '書']",['人文 & 藝術']
4385,荷蘭旅遊必吃美食－生鯡魚Haring,SisiChan,2015-07-12 04:16:43,"['吃', '海牙', '美食']",['吃喝 & 玩樂']
4391,荷蘭自造創意－3D列印鐵橋,Yuntsui,2015-07-14 23:02:38,"['3D列印', '建築', '橋', '設計', '阿姆斯特丹']",['建築 & 設計']
4450,減質、共享的設計烏托邦－Phonebloks,CindyLiao,2015-07-16 23:40:35,"['創意', '創新', '環保', '環境', '設計', '電子耗材']",['建築 & 設計']
4457,歐洲前十五大MBA－RSM鹿特丹管理學院,PeiWenLin,2015-07-21 22:14:11,"['MBA', '商學院', '留學', '碩士', '鹿特丹']",['留學荷蘭']
4472,時事懶人包？荷蘭新聞做給你：荷蘭公視新聞的觀察淺見,UgaHuang,2015-07-24 00:03:39,"['合作文章', '媒體', '新聞', '犯罪', '社會']",['社會 & 文化']
4491,荷蘭火車站之旅：利瑟（Lisse）舊車站,JerryKuo,2015-07-26 02:03:50,"['庫肯霍夫', '火車站', '玩', '花季']",['街拍543']
4500,唐老鴨之梵谷風華再現,QB,2015-07-28 23:07:47,"['博物館', '唐老鴨', '梵谷', '玩', '藝術', '趣味', '阿姆斯特丹']",['人文 & 藝術']
4507,荷蘭監獄博物館，囚犯跟貧民共吃一鍋飯？,Cynthia,2015-08-05 00:44:49,"['Veenhuizen凡豪森', '博物館', '景點', '犯罪', '玩', '監獄', '荷蘭旅遊']",['人文 & 藝術']
4510,從荷蘭看亞洲－萊頓大學的東亞與漢學研究,LUChen,2015-07-30 23:16:53,"['學術研究', '文化', '文學', '漢學', '留學', '社會', '萊頓']",['留學荷蘭']
4551,將戰爭留給博物館－荷蘭國家戰爭與抵抗博物館的和平期盼,UgaHuang,2015-08-19 00:24:37,"['博物館', '景點', '玩', '祭典']",['社會 & 文化']
4553,我很醜但我美味依舊－醜食物在荷蘭,meg,2015-08-11 22:24:47,"['合作文章', '環境', '社會', '議題', '買', '超市', '食物']",['社會 & 文化']
4564,[荷蘭怎麼醬子] 硬水與禿頭,LavenderShe,2015-08-13 22:13:43,"['水源', '環境', '荷蘭怎麼醬子', '趣味']",['社會 & 文化']
4612,荷式幽默？還是種族爛梗？,JerryKuo,2015-08-20 13:55:38,"['媒體', '文化', '漫畫', '社會', '種族歧視']",['社會 & 文化']
4643,無丟丟銅仔的荷式火車站月台,OliviaDung,2015-08-25 23:43:00,"['月台', '火車']",['街拍543']
4657,從社區到國際的藝術陶冶－戶外藝廊Artzuid,Cynthia,2015-09-01 23:12:15,"['公共藝術', '展覽', '活動', '社區', '社會', '藝術', '阿姆斯特丹']",['人文 & 藝術']
4684,阿姆斯特丹中央車站,CindyLiao,2015-09-03 12:00:07,"['城市', '建築', '景點', '玩', '設計', '車站', '阿姆斯特丹']",['街拍543']
4711,自組國際雕塑展ArtZuid傳承社區文化資產,CindyLiao,2015-09-06 23:21:57,"['公共藝術', '合作文章', '文化', '社區', '社會', '藝術', '阿姆斯特丹']",['人文 & 藝術']
4725,[荷蘭怎麼醬子] 洗碗的奧義,LavenderShe,2015-09-10 22:45:57,"['文化', '水資源', '社會', '荷蘭怎麼醬子']",['社會 & 文化']
4741,歡迎來到米飛兔的生日趴踢！展覽就是遊樂場的華麗變身,Cynthia,2015-09-12 23:17:36,"['Dick Bruna', 'Nijntje', '博物館', '景點', '烏特勒支', '玩', '米飛兔', '阿姆斯特丹']",['人文 & 藝術']
4758,第一次打氣候官司就上手：專訪扳倒荷蘭政府的環境組織Urgenda(上),Laiwenling,2015-09-14 23:28:22,"['低碳', '合作文章', '案例討論', '氣候', '永續', '法律', '環保', '能源']",['環境 & 科學']
4769,第一次打氣候官司就上手：專訪扳倒荷蘭政府的環境組織Urgenda(下),Laiwenling,2015-09-14 23:28:48,"['低碳', '合作文章', '案例討論', '氣候', '永續', '法律', '環保', '能源']",['環境 & 科學']
4778,荷蘭新公投法上路：聯合協議，誰贊成，誰反對？,JerryKuo,2015-09-23 00:13:34,"['公投', '投票', '政治', '歐盟', '民主', '社會']",['社會 & 文化']
4807,不再只是回收更要加值再造－看荷蘭國鐵和航空公司怎麼搞,CindyLiao,2015-09-25 00:24:42,"['創意', '回收', '垃圾', '產品', '荷蘭國鐵', '荷蘭航空公司', '設計']",['建築 & 設計']
4819,另類、品質、低調的MBA選項：荷蘭TIAS商學院(課程篇),Carrie Tseng,2015-09-30 00:01:18,"['MBA', '商學院', '留學', '碩士']",['留學荷蘭']
4835,飛利浦的世紀：從燈泡工房到電子帝國的荷蘭奇蹟(1),Kim,2015-10-03 01:01:12,"['Case study', 'Eindhoven', '企業', '商業', '安荷芬Eindhoven', '故事', '社會', '經濟']",['社會 & 文化']
4845,荷蘭特塞爾島－海島、啤酒和羊兒,CindyLiao,2015-10-05 22:48:22,"['Texel', '吃', '國家公園', '特塞爾島', '玩', '自行車']",['吃喝 & 玩樂']
4855,校園創業課程體驗－荷蘭潔淨科技競賽獲勝隊伍的真心話,shojlin,2015-10-07 01:23:45,"['企業', '創新', '創業', '台夫特Delft', '永續', '環境', '科技']",['留學荷蘭']
4874,[荷蘭怎麼醬子] 腳踏車就要醬子騎,LavenderShe,2015-10-09 00:02:15,"['腳踏車', '荷蘭怎麼醬子']",['社會 & 文化']
4893,飛利浦的世紀：從燈泡工房到電子帝國的荷蘭奇蹟(2),Kim,2015-10-09 23:53:07,"['Case study', 'Eindhoven', '企業', '商業', '安荷芬Eindhoven', '故事', '社會', '經濟']",['社會 & 文化']
4911,天花板超有戲的荷蘭新台夫特火車站,chiyiliao,2015-10-11 22:50:55,"['台夫特', '台夫特Delft', '建築', '景點', '玩', '設計', '車站']",['街拍543']
4932,埃因霍芬設計學院DAE碩士課程的設計哲學,MengHsun1122,2015-10-14 00:49:16,"['DAE', '埃因霍芬Eindhoven', '埃因霍芬設計學院', '留學']",['留學荷蘭']
4940,飛利浦的世紀：從燈泡工房到電子帝國的荷蘭奇蹟(3),Kim,2015-10-16 23:35:59,"['Case study', 'Eindhoven', '企業', '商業', '安荷芬Eindhoven', '故事', '社會', '經濟']",['社會 & 文化']
4949,荷蘭足球的寒冬,JerryKuo,2015-10-20 23:06:31,"['歐洲盃', '社會', '賽事', '足球', '體育']",['社會 & 文化']
4954,飛利浦的世紀：從燈泡工房到電子帝國的荷蘭奇蹟(4),Kim,2015-10-24 00:09:17,"['Case study', 'Eindhoven', '企業', '商業', '安荷芬Eindhoven', '故事', '社會', '經濟']",['社會 & 文化']
5017,荷蘭環境部的智囊團－環境評估署(PBL),Continue,2015-10-25 22:05:32,"['政府', '氣候', '永續', '環境', '能源']",['環境 & 科學']
5030,還地於河－荷蘭奈梅亨的都市再造,Yuntsui,2015-10-28 23:59:06,[],['環境 & 科學']
5049,飛利浦的世紀：從燈泡工房到電子帝國的荷蘭奇蹟(終),Kim,2015-10-31 00:37:24,"['Case study', 'Eindhoven', '企業', '商業', '安荷芬Eindhoven', '故事', '社會', '經濟']",['社會 & 文化']
5060,敘利亞難民議題直燒荷蘭設計獎DDA,CindyLiao,2015-11-02 10:45:13,"['DDA', '互動', '人權', '多媒體', '社會設計', '荷蘭設計獎', '設計', '議題', '難民']",['建築 & 設計']
5071,我寧願她帶男朋友回家過夜－淺談荷蘭性教育,ninahuang,2015-11-04 01:17:17,"['健康', '合作文章', '性教育', '社會', '開放']",['社會 & 文化']
5081,荷蘭設計週最焦點－安荷芬設計學院DAE畢業展,LavenderShe,2015-11-06 00:17:31,"['DAE', 'DDW', 'Design Academy Eindhoven', '安荷芬Eindhoven', '社會設計', '荷蘭設計週', '設計']",['建築 & 設計']
5094,攝影新秀舞台－荷蘭Unseen攝影博覽會＋節,Sheng Wen Lo,2015-11-08 02:00:57,"['創意', '博覽會', '展覽', '攝影', '活動', '藝術', '阿姆斯特丹']",['人文 & 藝術']
5114,從開放管理到漸進式消滅－簡評荷蘭性產業專區政策,ninahuang,2015-11-11 00:21:11,"['合作文章', '性產業', '政策', '社會', '紅燈區', '阿姆斯特丹']",['社會 & 文化']
5119,[荷蘭怎麼醬子] 營養午餐,LavenderShe,2015-11-13 14:54:51,"['吃', '社會', '荷蘭怎麼醬子']",['社會 & 文化']
5129,阿姆斯特丹的性博物館(上)－Sexmuseum Venustempel,Carrot,2015-11-15 01:54:12,"['博物館', '玩', '阿姆斯特丹']",['人文 & 藝術']
5146,條條腳踏車道通荷蘭,CindyLiao,2015-11-18 00:28:31,"['公共建設', '玩', '腳踏車道']",['街拍543']
5162,阿姆斯特丹的性博物館(下)－Erotic Museum,Carrot,2015-11-20 00:34:51,"['博物館', '玩', '藝術', '阿姆斯特丹']",['人文 & 藝術']
5189,荷蘭國民美食「薯」在豪好吃！,SisiChan,2015-11-25 03:44:12,"['吃', '合作文章', '故事', '文化', '歷史', '美食']",['吃喝 & 玩樂']
5202,荷蘭性玩意兒－具有即時動態的網路性愛用品,mailme.yea,2015-11-30 02:49:49,"['性', '情趣商品', '戀愛關係', '產品', '設計']",['建築 & 設計']
5214,氣候變遷的都市發展契機：荷蘭與鹿特丹市推動都市韌性以面對水患風險的發展歷程,eyesonplace,2015-12-02 00:27:53,"['合作文章', '氣候', '環境', '設計', '鹿特丹']",['環境 & 科學']
5226,不畏恐攻緊張情勢－荷蘭奈梅亨市聲援難民遊行照常舉行,kitchuila,2015-12-06 00:36:14,"['合作文章', '歐盟', '遊行', '難民']",['街拍543']
5238,有尊嚴的老去－荷蘭與比利時老年照護,rhythmsmonthly,2015-12-04 08:17:25,"['合作文章', '社會', '老年照護', '銀髮族']",['社會 & 文化']
5251,Yerseke耶爾瑟克絕地大重生的生蠔牧場Oesterij,CindyLiao,2015-12-09 09:51:29,"['Yerseke', 'Zeeland', '吃', '景點', '水產養殖', '澤蘭省', '玩']",['吃喝 & 玩樂']
5271,[荷蘭怎麼醬子] Sinterklaas交換禮物,LavenderShe,2015-12-11 04:03:26,"['玩', '荷蘭怎麼醬子', '遊戲']",['社會 & 文化']
5284,跳脫框架，追尋自我－荷蘭教育理想國,rhythmsmonthly,2015-12-15 19:47:01,"['合作文章', '小學教育', '教育', '文化', '社會', '腳踏車']",['社會 & 文化']
5394,小說人物活靈活現－荷蘭Deventer狄更斯節,Karen,2015-12-18 02:52:28,"['吃', '德芬特Deventer', '景點', '狄更斯', '玩', '聖誕節']",['吃喝 & 玩樂']
5411,荷蘭皇家視覺藝術學院與一年一度的Rijksakedemie OPEN,UgaHuang,2015-12-23 01:11:48,"['台灣', '藝術', '設計', '駐村']",['人文 & 藝術']
5430,海上幽靈船－飛行荷蘭人(Flying Dutchman)的奇聞軼事,LUChen,2015-12-27 00:47:07,"['Zeeland', '故事', '東印度公司', '歷史', '澤蘭省', '航海']",['社會 & 文化']
5443,不是博士的荷蘭工程博士：跨領域的專業工程人才培育,HanSu,2015-12-29 23:45:54,"['博士', '永續', '留學']",['留學荷蘭']
5454,荷蘭能源知識家：生質燃料篇（上）,CindyHsiung,2016-01-03 00:42:35,"['氣候變遷', '環境', '生質燃料', '能源']",['環境 & 科學']
5460,荷蘭能源知識家：生質燃料篇（下）,CindyHsiung,2016-01-03 00:42:30,"['氣候變遷', '環境', '生質燃料', '能源']",['環境 & 科學']
5468,Play the city－空間專業的新角色,eyesonplace,2016-01-06 01:06:32,"['合作文章', '環境', '社會', '設計', '都市規劃']",['環境 & 科學']
5470,Play the city－玩遊戲改變城市，居民就是規劃專家,eyesonplace,2016-01-06 01:05:56,"['合作文章', '環境', '社會', '設計', '都市規劃']",['環境 & 科學']
5492,[荷蘭怎麼醬子] 天有不測風雲,LavenderShe,2016-01-08 00:26:18,"['天氣', '荷蘭怎麼醬子']",['社會 & 文化']
5500,荷蘭第一春－國家鬱金香日在阿姆斯特丹,SisiChan,2016-01-10 04:08:47,"['景點', '活動', '玩', '節慶', '阿姆斯特丹', '鬱金香']",['街拍543']
5519,菁英會議與殖民遺緒－荷蘭聯合國教科文組織國際專家會議會外篇,OranjeExpress,2016-01-13 01:59:55,"['人類學', '博物館', '合作文章', '文化', '歷史', '社會']",['社會 & 文化']
5534,看荷蘭鎮國藝術之寶如何走入人們的生活,CindyLiao,2016-01-17 01:02:27,"['博物館', '夜巡', '景點', '林布蘭', '生活', '藝術', '趣味', '阿姆斯特丹']",['人文 & 藝術']
5553,充滿文青氣息的荷蘭街道名,LisavanMourik,2016-01-22 01:00:39,"['Almere阿爾默勒', '趣味', '都市規劃']",['街拍543']
5573,鹿特丹的調適策略—社子島規劃的他山之石 I,villagetaipei,2016-01-26 23:43:21,"['合作文章', '建築', '氣候', '社子島', '都市規劃', '鹿特丹']",['環境 & 科學']
5577,鹿特丹的調適策略—社子島規劃的他山之石 II,villagetaipei,2016-01-26 23:43:51,"['合作文章', '建築', '氣候', '社子島', '都市規劃', '鹿特丹']",['環境 & 科學']
5595,吾主博物館－閣樓上的秘密教堂,LUChen,2016-01-29 00:57:44,"['博物館', '宗教', '故事', '景點', '歷史', '玩', '阿姆斯特丹']",['人文 & 藝術']
5625,從荷蘭街道廣場名稱學水文,chiyiliao,2016-02-05 01:58:49,"['景點', '歷史', '治水', '玩', '阿姆斯特丹', '鹿特丹']",['建築 & 設計']
5641,臨時搭建的貨櫃學校,CindyLiao,2016-02-10 00:58:13,"['學校', '臨時', '辦公室', '阿姆斯特丹']",['街拍543']
5656,[荷蘭怎麼醬子] 吃完這個後情侶都不啾啾了?!,LavenderShe,2016-02-12 03:00:40,"['吃', '美食', '荷蘭怎麼醬子']",['社會 & 文化']
5671,框架越少發揮越多的兒童遊戲場設計,Demon,2016-02-17 00:02:16,"['兒童遊樂場', '公共空間', '創意', '合作文章', '建築', '設計', '都市規劃', '阿姆斯特丹']",['建築 & 設計']
5682,專訪Rijksakademie駐村藝術家吳其育,UgaHuang,2016-02-19 00:10:49,"['藝術', '藝術駐村', '設計', '議題']",['人文 & 藝術']
5698,打破刻板亞洲印象，從荷蘭亞洲電影節開始！,RachelWu,2016-02-21 04:21:26,"['CinemAsia', '亞洲', '亞洲電影節', '文化', '藝術', '阿姆斯特丹', '電影']",['人文 & 藝術']
5718,淺談荷蘭的攝影碩士學程 AKV|St.Joost – Master of Photography,Sheng Wen Lo,2016-02-24 00:35:46,"['攝影', '教育', '留學', '碩士', '藝術']",['留學荷蘭']
5732,為藝術家量身定製的當代文化學習場域 —Sonic Acts Academy,SandyTu,2016-02-26 00:14:24,"['博物館廣場', '科學', '科技', '藝術', '阿姆斯特丹']",['人文 & 藝術']
5736,非處女料的扭曲好設計,CindyLiao,2016-02-28 00:27:08,"['合作文章', '回收', '循環經濟', '永續', '產品', '設計']",['建築 & 設計']
5744,I amsterdam全新開幕，正式進駐中央車站,QB,2016-03-01 22:22:02,"['I amsterdam', '中央車站', '紀念品', '阿姆斯特丹']",['街拍543']
5753,荷蘭郊遊學水文,chiyiliao,2016-03-04 10:37:08,"['景點', '歷史', '治水', '玩']",['建築 & 設計']
5782,鹿特丹網球公開賽,Yi-Hsien Hung,2016-03-09 10:44:36,"['Ahoy Rotterdam', '網球', '運動', '鹿特丹']",['社會 & 文化']
5815,神奇埃因霍芬Eindhoven小學二手店,kaopaohui,2016-03-11 13:51:42,"['二手店', '埃因霍芬', '小學', '社會', '購物']",['社會 & 文化']
5644,畫家林布蘭的故鄉：萊頓萊茵河畔的足跡,LUChen,2016-05-06 14:04:07,"['景點', '林布蘭', '歷史', '玩', '萊頓']",['吃喝 & 玩樂']
5829,20世紀的荷蘭病與隨後的荷蘭奇蹟（上）,LUChen,2016-03-16 15:14:05,"['Case study', '勞工', '歷史', '社會', '社會福利', '荷蘭奇蹟']",['社會 & 文化']
5839,20世紀的荷蘭病與隨後的荷蘭奇蹟（下）,LUChen,2016-03-16 15:14:40,"['Case study', '勞工', '歷史', '社會', '社會福利', '荷蘭奇蹟']",['社會 & 文化']
5845,荷蘭復古衣秤斤買，永續時尚打造最流行文青LOOK,beckyChiu,2016-03-23 15:08:45,"['二手市場', '復古', '時尚', '玩', '購物']",['吃喝 & 玩樂']
5871,當水岸再生遇上循環經濟－永續新星De Ceuvel（上）,alleychu,2016-03-29 19:15:31,"['再生', '循環經濟', '永續', '環境', '能源', '阿姆斯特丹']",['環境 & 科學']
5892,荷蘭社會中的「見與不見」：亞洲電影節的幕後故事,UgaHuang,2016-03-31 09:12:42,"['CinemAsia', '亞洲電影節', '文化', '社會', '種族歧視', '電影']",['人文 & 藝術']
5910,荷蘭唯二Trappist啤酒廠--修道院Koningshoeven,TaiHo,2016-04-04 14:27:07,"['修道院', '啤酒', '喝', '提爾堡Tilburg', '玩', '非營利']",['吃喝 & 玩樂']
5949,荷蘭公投烏歐協議，誰能當家、誰能作主？,UgaHuang,2016-04-06 14:03:58,"['公投', '國際關係', '歐盟', '社會', '選舉']",['社會 & 文化']
5969,[荷蘭怎麼醬子] 國王節來啦！,LavenderShe,2016-04-08 11:57:48,"['國王節', '玩', '節慶', '荷蘭怎麼醬子']",['社會 & 文化']
5984,綠能創意─荷蘭「瘋」車遊樂園,Yuntsui,2016-04-13 15:47:33,"['創新', '建築', '景點', '永續', '玩', '科技', '能源', '趣味']",['建築 & 設計']
5994,四百年荷蘭老啤酒葛蘭斯Grolsch釀酒廠,CindyLiao,2016-04-15 14:30:37,"['啤酒', '喝', '玩', '葛蘭斯']",['街拍543']
6008,[Mo Li漫新聞] 防堵遺傳疾病：荷蘭將執行「準父母」孕前基因檢查,moli,2016-04-20 12:10:27,"['MoLi漫新聞', '宗教', '新聞', '疾病', '親子', '醫療']",['社會 & 文化']
6021,埃因霍芬火車站裡的垃圾藝術,Cynthia,2016-04-25 09:37:01,"['公共藝術', '垃圾桶', '埃因霍芬Eindhoven', '火車站']",['街拍543']
6029,阿姆斯特丹轉角遇到ART – Cuyperspassage,QB,2016-05-09 11:00:07,"['公共藝術', '台夫特藍瓷', '建築', '火車站', '設計', '轉角遇到ART', '阿姆斯特丹']",['人文 & 藝術']
6044,《Catwalk》- 荷蘭國立博物館時尚典藏,Sheng Wen Lo,2016-05-02 14:18:31,"['博物館', '國立博物館', '展覽', '攝影', '玩', '設計', '阿姆斯特丹']",['人文 & 藝術']
6062,韌性，城市不任性 I：規劃專業的新思維，從荷蘭經驗談起,eyesonplace,2016-05-04 14:03:56,"['合作文章', '永續', '治水', '環境', '都市規劃', '鹿特丹']",['環境 & 科學']
6137,荷蘭的機車困境(上),meg,2016-05-11 14:38:20,"['交通', '合作文章', '社會', '腳踏車', '腳踏車道']",['社會 & 文化']
6143,荷蘭的機車困境(下),meg,2016-05-11 14:38:24,"['交通', '合作文章', '機車', '機車道', '社會']",['社會 & 文化']
6165,[荷蘭怎麼醬子] 荷蘭人的腳踏車常識,LavenderShe,2016-05-13 14:32:10,"['社會', '腳踏車', '荷蘭怎麼醬子', '趣味']",['社會 & 文化']
6174,另一種生活教育與慈善--荷蘭兒童郵票,Cynthia,2016-05-16 13:53:28,"['小學', '小學教育', '慈善', '教育', '社會']",['社會 & 文化']
6180,博物館中的亞洲意象：荷蘭黃金時代的異國風華（上）,gushi.tw,2016-05-18 11:55:58,"['博物館', '合作文章', '故事', '東印度公司', '歷史', '藝術', '阿姆斯特丹', '黃金時代']",['人文 & 藝術']
6202,博物館中的亞洲意象：荷蘭黃金時代的異國風華（下）,gushi.tw,2016-05-18 11:03:02,"['博物館', '合作文章', '故事', '東印度公司', '歷史', '藝術', '阿姆斯特丹', '黃金時代']",['人文 & 藝術']
6237,在低地國登高望遠：Climb the Stairs Rotterdam,alleychu,2016-06-01 13:41:34,"['MVRDV', '建築', '設計', '鹿特丹']",['街拍543']
6246,[Mo Li漫新聞] 預報天氣晴，卻下起了皇家大「雨」,moli,2016-05-20 12:54:20,"['MoLi漫新聞', '國王節', '皇室']",['社會 & 文化']
6265,能源、商業、觀光：鹿特丹的風車摩天大樓The Dutch Windwheel,Kimberly,2016-05-25 13:55:13,"['再生能源', '創新', '建築', '未來', '氣候變遷', '永續', '環境', '鹿特丹']",['建築 & 設計']
6277,燃燒吧！老麵包之新生質能源的春天,CindyHsiung,2016-05-27 15:11:55,"['再生', '分享經濟', '合作文章', '循環經濟', '環境', '生質能源']",['環境 & 科學']
6296,論荷蘭特殊的勞資關係(1)--員工是公司法定的利害關係人,TRON,2016-06-03 15:25:56,"['勞工', '合作文章', '在荷蘭工作', '工作', '經濟', '荷蘭勞工法']",['社會 & 文化']
6299,論荷蘭特殊的勞資關係(2)--荷蘭公司如何辭退員工,TRON,2016-06-03 15:25:52,"['勞工', '合作文章', '在荷蘭工作', '工作', '經濟', '荷蘭勞工法']",['社會 & 文化']
6310,虛實交織的新購物體驗,RachelWu,2016-06-08 13:00:48,"['分享經濟', '時尚', '科技', '經濟', '虛擬實境', '設計', '購物']",['建築 & 設計']
6327,[荷蘭怎麼醬子]貴鬆鬆的荷蘭消費水平,LavenderShe,2016-06-11 12:24:09,"['消費', '社會', '荷蘭怎麼醬子']",['社會 & 文化']
6336,荷蘭自造創意－3D列印單車,Yuntsui,2016-06-13 09:23:28,"['3D printer', '3D列印', 'Delft', '創意', '台夫特', '台夫特大學', '科技']",['建築 & 設計']
6341,性、剝削、人口販賣：從電影《夢碎天堂》看沒有身份的荷蘭邊緣人,RachelWu,2016-06-15 13:03:09,"['文化', '社會', '紅燈區', '阿姆斯特丹', '電影']",['社會 & 文化']
6349,立於餐盤上的藝術Rijks Restaurant,SisiChan,2016-06-18 13:39:19,"['Rijksmuseum', '吃', '國立博物館', '景點', '米其林', '美食']",['吃喝 & 玩樂']
6369,[Mo Li漫新聞] 別再把大學當醫學院唸啦！荷蘭畢業加速器,moli,2016-06-20 11:41:08,"['MoLi漫新聞', '大學', '大學教育', '教育']",['社會 & 文化']
6375,如何在荷蘭找工作--MBA畢業求職分享,PeiWenLin,2016-06-22 11:11:29,"['在荷蘭工作', '大學', '工作', '社會']",['留學荷蘭']
6380,高掛書包的畢業宣言！荷蘭教育系統連連看,RachelWu,2016-06-24 15:05:00,"['中學', '小學教育', '教育', '高等教育']",['社會 & 文化']
6388,殺出血路—東尼先生的寂寞巧克力,meg,2016-06-27 13:38:58,"['公平交易', '吃', '合作文章', '商業', '社會', '經濟']",['社會 & 文化']
6393,維梅爾返鄉─當《小街》回到台夫特,AlinaWang,2016-06-29 11:28:47,"['博物館', '台夫特', '台夫特Delft', '景點', '梅維爾', '玩', '藝術']",['人文 & 藝術']
6429,不是金雞母又怎樣—阿姆斯特丹NDSM碼頭,eyesonplace,2016-07-01 11:26:35,"['合作文章', '文創', '都市更新', '都市發展', '都市規劃', '阿姆斯特丹']",['環境 & 科學']
6440,鹿特丹中央車站叮叮咚咚鋼琴階梯,beckyChiu,2016-07-05 15:37:19,"['中央車站', '公共空間', '公共藝術', '景點', '玩', '趣味', '車站', '鹿特丹']",['街拍543']
6450,「活」的博物館--阿姆斯特丹微生物博物館Micropia,MarvinChang,2016-07-07 13:35:27,"['博物館', '景點', '生物', '科學', '趣味', '阿姆斯特丹']",['環境 & 科學']
6469,荷蘭台灣攜手打造新舊和鳴的高雄火車站,CindyLiao,2016-07-08 11:53:21,"['創新', '台荷交流', '建築', '火車站', '設計', '車站']",['建築 & 設計']
6477,[荷蘭怎麼醬子]Catch 'em all,LavenderShe,2016-07-15 16:46:24,"['流行文化', '荷蘭怎麼醬子', '趣味']",['社會 & 文化']
6486,跳上我的彩虹船吧！荷蘭Gay Pride同志大遊行,Echo,2016-07-19 11:03:47,"['同志', '同志大遊行', '景點', '活動', '祭典', '趣味', '阿姆斯特丹']",['社會 & 文化']
6508,[Mo Li漫新聞] 進擊的腳踏車,moli,2016-07-20 10:53:09,"['MoLi漫新聞', '交通', '腳踏車', '腳踏車道', '阿姆斯特丹']",['社會 & 文化']
6517,Teafolks茶人--以台灣茶開啟與世界的對話,CindyLiao,2016-07-22 15:28:33,"['企業', '台灣人在荷蘭', '品牌行銷', '荷蘭&台灣']",['社會 & 文化']
6535,[有荷藝件]大鐵人蹲港邊要幹嘛?!,CindyLiao,2016-07-25 11:21:35,"['公共藝術', '有荷藝件', '藝術', '裝置藝術', '趣味']",['街拍543']
6543,不學無「束」：台灣互動空間設計師躍上阿姆斯特丹時尚伸展台,beckyChiu,2016-07-27 11:00:43,"['人物', '人物專訪', '創新', '台灣人在荷蘭', '建築', '時尚', '活動', '設計', '阿姆斯特丹']",['建築 & 設計']
6553,化身彩虹城市--阿姆斯特丹,RachelWu,2016-08-03 15:57:49,"['同志', '同志大遊行', '景點', '活動', '玩', '阿姆斯特丹']",['街拍543']
6564,不再「擁有」─荷蘭建築師托馬斯．勞的循環設計思維(上),Yuntsui,2016-08-09 08:07:11,"['循環經濟', '循環設計', '永續', '荷蘭永續', '設計']",['建築 & 設計']
6566,不再「擁有」─荷蘭建築師托馬斯．勞的循環設計思維(下),Yuntsui,2016-08-09 08:06:56,"['循環經濟', '循環設計', '永續', '荷蘭永續', '設計']",['建築 & 設計']
6586,不只公平還要易修Fairphone 2,CindyLiao,2016-08-15 11:14:51,"['公平交易', '合作文章', '循環經濟', '循環設計', '設計']",['建築 & 設計']
6593,烏特勒支能源政策之城市對話(1)－將城市能源轉型計畫交給市民規劃,Laiwenling,2016-08-17 13:10:35,"['Utrecht', '人民溝通', '共識', '合作文章', '永續', '烏特勒支', '能源', '都市發展', '都市規劃', '都市設計']",['環境 & 科學']
6598,烏特勒支能源政策之城市對話(2)－三階段的市民對話過程,Laiwenling,2016-08-17 22:21:45,"['Utrecht', '人民溝通', '共識', '合作文章', '永續', '烏特勒支', '能源', '都市發展', '都市規劃', '都市設計']",['環境 & 科學']
6607,烏特勒支能源政策之城市對話(3)－積極投入的公民是城市的最大資產,Laiwenling,2016-08-20 10:51:13,"['Utrecht', '人民溝通', '共識', '合作文章', '永續', '烏特勒支', '能源', '都市發展', '都市規劃', '都市設計']",['環境 & 科學']
6619,[Mo Li漫新聞] 撒花打擊犯罪！荷蘭警察的一石二鳥之計,moli,2016-08-20 14:03:10,"['MoLi漫新聞', 'pokemon go', '社會', '社會志工', '趣味', '遊戲']",['社會 & 文化']
6631,魚兒魚兒天上游--UF002 De Schilde魚菜共生屋頂農場,alleychu,2016-08-29 11:19:36,"['再生', '合作文章', '建築', '循環經濟', '循環設計', '海牙', '農業']",['環境 & 科學']
6633,當水岸再生遇上循環經濟－永續新星De Ceuvel（下）,alleychu,2016-08-24 12:29:31,"['再生', '循環經濟', '永續', '環境', '能源', '阿姆斯特丹']",['環境 & 科學']
6653,阿姆斯特丹轉角遇到Art－Street art,QB,2016-08-26 10:28:33,"['景點', '玩', '藝術', '街頭藝術', '轉角遇到ART', '阿姆斯特丹']",['人文 & 藝術']
6681,未來循環社區—荷蘭Almere的「ReGen Village」,Yuntsui,2016-08-31 10:10:34,"['Almere', '再生', '城市', '循環經濟', '永續', '環境', '能源']",['環境 & 科學']
6689,藝術鑑賞也可以用玩的！海牙美術館Gemeentemuseum,MarvinChang,2016-09-01 23:26:45,"['互動', '博物館', '景點', '海牙', '玩', '趣味', '遊戲']",['人文 & 藝術']
6716,一段自我追尋和自我挑戰的旅程--小資女到創業家,SisiChan,2016-09-08 14:09:29,"['創業', '台灣人在荷蘭', '留學', '荷蘭留學']",['社會 & 文化']
6728,[荷蘭怎麼醬子]沒有客服不了的事,LavenderShe,2016-09-09 13:37:00,"['消費', '社會', '荷蘭怎麼醬子', '趣味']",['社會 & 文化']
6742,荷蘭真的很多紅毛嗎？--【地球幫你問】荷蘭日常生活篇,world.yam,2016-09-15 05:58:33,"['吃', '合作文章', '玩', '生活', '知識', '社會']",['社會 & 文化']
6755,[Mo Li漫新聞] 最會飛的警察——飛～到哪裡都要追到你！,moli,2016-09-20 12:38:39,"['MoLi漫新聞', '無人機', '老鷹', '警察']",['社會 & 文化']
6765,台夫特以食會友輕旅行--街邊小食、咖啡、蘋果派,daotraveller,2016-09-26 09:28:08,"['Delft', '台夫特', '吃', '景點', '玩', '食譜']",['吃喝 & 玩樂']
6786,揭露埃因霍芬設計學院DAE：無法被定義的Contextual Design碩士,kaopaohui,2016-09-28 09:14:15,"['DAE', '埃因霍芬Eindhoven', '埃因霍芬設計學院', '留學', '碩士']",['留學荷蘭']
6807,荷蘭學生瘋創業：飛利浦創新獎Philips Innovation Award,Puno,2016-09-30 10:11:58,"['創新', '創業', '學生', '社會', '設計', '青年', '飛利浦']",['建築 & 設計']
6821,荷蘭不只羊角村，藝術小城--奧特茅森Ootmarsum等著你,Cynthia,2016-10-03 11:17:42,"['旅遊', '景點', '玩', '荷蘭旅遊', '荷蘭旅遊推薦', '藝術']",['人文 & 藝術']
6835,荷蘭人真的很小氣嗎？【地球幫你問】荷蘭歷史文化篇,world.yam,2016-10-05 12:52:13,"['地理', '梵谷', '歷史', '皇室']",['社會 & 文化']
6850,[荷蘭怎麼醬子]外賣記,LavenderShe,2016-10-07 08:55:20,"['外賣', '荷蘭怎麼這樣子', '趣味']",['社會 & 文化']
6856,皇家之翼:荷蘭皇家航空公司的百年奮鬥(1)--阿姆斯特丹歐洲航空展,Kim,2016-10-10 12:30:36,"['KLM', '交通', '企業', '品牌行銷', '故事', '案例討論', '歷史', '航空', '荷蘭人', '阿姆斯特丹']",['社會 & 文化']
6869,皇家之翼:荷蘭皇家航空公司的百年奮鬥(2) --軍官與技師,Kim,2016-10-11 12:35:28,"['KLM', '交通', '企業', '品牌行銷', '故事', '案例討論', '歷史', '航空', '荷蘭人', '阿姆斯特丹']",['社會 & 文化']
6881,皇家之翼:皇家荷蘭航空公司的百年奮鬥(3) --世界盡頭的東印度航線,Kim,2016-10-12 10:18:36,"['KLM', '交通', '企業', '品牌行銷', '故事', '案例討論', '歷史', '航空', '荷蘭人', '阿姆斯特丹']",['社會 & 文化']
6884,皇家之翼:皇家荷蘭航空公司的百年奮鬥(4) --墨爾本國際飛行賽,Kim,2016-10-13 10:19:25,"['KLM', '交通', '企業', '品牌行銷', '故事', '案例討論', '歷史', '航空', '荷蘭人', '阿姆斯特丹']",['社會 & 文化']
6917,皇家之翼:皇家荷蘭航空公司的百年奮鬥(5) --戰雲之上的荷蘭之翼,Kim,2016-10-14 11:34:57,"['KLM', '交通', '企業', '品牌行銷', '故事', '案例討論', '歷史', '航空', '荷蘭人', '阿姆斯特丹']",['社會 & 文化']
6929,皇家之翼:荷蘭皇家航空公司的百年奮鬥(終) --史上最大航空合併案,Kim,2016-10-14 11:50:56,"['KLM', '交通', '企業', '品牌行銷', '故事', '案例討論', '歷史', '航空', '荷蘭人', '阿姆斯特丹']",['社會 & 文化']
6950,荷蘭人如何買大麻？【地球幫你問】荷蘭社會制度篇,world.yam,2016-10-16 22:26:52,"['勞工', '同志', '在荷蘭工作', '大麻', '工作', '性產業', '社會', '社會住宅', '社會福利']",['社會 & 文化']
6965,[Mo Li漫新聞] 不老騎士的溫馨派對,moli,2016-10-20 10:09:39,"['MoLi漫新聞', '交通', '新聞', '機車']",['社會 & 文化']
6968,創新基地：阿姆斯特丹史基浦機場,JyhiShen,2016-10-20 23:52:03,"['schiphol', '交通', '創新', '服務', '機場', '皇家之翼', '設計', '飛行']",['建築 & 設計']
6997,卡車也搞自動駕駛European Truck Platooning Challenge,CindyLiao,2016-10-23 21:55:12,"['交通', '企業', '創新', '歐盟', '物流', '荷蘭隊']",['環境 & 科學']
7004,天才智慧城市埃因霍芬Eindhoven也曾淪落為乞丐,CindyLiao,2016-10-28 13:50:15,"['Eindhoven', 'Smart City', '埃因霍芬Eindhoven', '智慧城市', '科技']",['社會 & 文化']
7018,2016埃因霍芬設計學院台灣學生畢業作品,OranjeExpress,2016-11-01 23:02:26,"['DDW', '台灣', '埃因霍芬設計學院', '荷蘭設計週', '設計']",['建築 & 設計']
7151,再樸實都難以掩蓋的永續光環：荷蘭設計未來獎FLAX Chair,CindyLiao,2016-11-04 06:42:51,"['DDW', 'Dutch Design Awards', '永續', '荷蘭設計獎', '設計']",['建築 & 設計']
7160,荷蘭人知道台灣嗎？【地球幫你問】荷蘭台荷交流篇,world.yam,2016-11-08 00:06:23,"['台灣', '教育', '東印度公司', '歷史', '環境教育']",['社會 & 文化']
7172,霍斯特Holst Centre的穿戴裝置魔法（上）,Kim,2016-11-16 23:03:26,"['Eindhoven', '創新', '埃因霍芬Eindhoven', '埃因霍芬科技園區', '研發', '科技', '飛利浦']",['環境 & 科學']
7177,霍斯特Holst Centre的穿戴裝置魔法（下）,Kim,2016-11-16 23:03:23,"['Eindhoven', 'Holst Centre', '創新', '埃因霍芬Eindhoven', '埃因霍芬科技園區', '研發', '科技', '飛利浦']",['環境 & 科學']
7186,英語能力：荷蘭人的世界第一,moli,2016-11-20 15:52:39,"['MoLi漫新聞', '英語能力', '荷蘭人', '荷語', '語言']",['社會 & 文化']
7198,大人的浪漫--阿姆斯特丹博物館之夜,estellachiaminfang,2016-11-21 22:55:00,"['博物館', '活動', '玩', '阿姆斯特丹']",['吃喝 & 玩樂']
7208,生命終止與延續課題（上）：荷蘭安樂死的現況,brontesun,2016-11-24 01:34:48,"['安樂死', '法律', '社會', '老人']",['社會 & 文化']
7227,生命終止與延續課題（下）：荷蘭安樂死相關人員訪談,brontesun,2016-11-25 00:49:36,"['安樂死', '法律', '社會', '老人']",['社會 & 文化']
7239,冬天裡的一把火--烏特列支Le Guess Who? 音樂節,estellachiaminfang,2016-11-27 21:43:18,"['Utrecht', '文化', '活動', '烏特列支', '玩', '祭典', '音樂']",['吃喝 & 玩樂']
7247,留荷蘭？回台灣？慢點想的選擇,RachelWu,2016-11-30 13:50:37,"['Tias', '商學院', '回台', '留學', '荷蘭工作']",['留學荷蘭']
7260,國際社會科學研究所（ISS）－特別強調社會批判的研究機構,SzuHui,2016-12-07 11:19:40,"['海牙', '留學', '碩士', '社會', '社會學', '社會運動', '荷蘭留學']",['留學荷蘭']
7272,"Museum MORE, will give you more!(上)--荷蘭現實主義藝術的朝聖地",Cynthia,2016-12-11 23:26:05,"['博物館', '玩', '畫家', '藝術']",['人文 & 藝術']
7274,"Museum MORE, will give you more!(下)--社會主義畫家Johan van Hell",Cynthia,2016-12-12 20:58:06,"['博物館', '玩', '畫家', '社會主義', '藝術']",['人文 & 藝術']
7308,[Mo Li漫新聞] 聖誕&amp;新年快樂!,moli,2016-12-19 20:51:48,"['新年', '聖誕節']",['社會 & 文化']
7312,阿姆斯特丹轉角遇到ART – Amsterdam Oersoep,QB,2016-12-22 23:39:00,"['公共藝術', '建築', '玩', '設計', '轉角遇到ART', '阿姆斯特丹']",['人文 & 藝術']
7327,生命終止與延續課題（外章）：器官捐贈在荷蘭,brontesun,2016-12-26 22:49:44,"['法律', '生命', '社會', '醫療']",['社會 & 文化']
7332,荷蘭2017年新規上路,OliviaDung,2017-01-03 22:24:29,"['企業', '社會', '經濟', '能源']",['社會 & 文化']
7341,跟英國女王借維梅爾見證荷蘭黃金時代榮光,Cynthia,2017-01-05 14:41:55,"['博物館', '畫家', '維梅爾', '英女王收藏', '莫瑞泰斯皇家美術館', '藝術', '黃金時代']",['人文 & 藝術']
7376,穿梭古今之城市漫步–茲沃勒Zwolle的歷史巡禮,LUChen,2017-01-16 09:43:00,"['Zwolle', '宗教', '故事', '景點', '歷史', '玩', '米其林', '茲沃勒']",['吃喝 & 玩樂']
7399,連根拔起的荷蘭垃圾桶,LinQiao,2017-01-11 10:16:43,"['回收桶', '垃圾桶']",['街拍543']
7410,[Mo Li漫新聞] 荷蘭人養孩子，簡單造就快樂,moli,2017-01-20 12:23:35,"['MoLi漫新聞', '快樂', '教育', '荷蘭小孩']",['社會 & 文化']
7417,黃金時代繪畫熱潮持續延燒! 荷蘭弗蘭斯．哈爾斯博物館特展,Cynthia,2017-01-29 21:42:49,"['Haarlem哈連', '名畫家', '繪畫', '藝術', '黃金時代']",['人文 & 藝術']
7432,荷事拜年：雞年拜託來點轉機,OliviaDung,2017-02-01 21:55:02,"['台夫特Delft', '台夫特大學', '社會', '科技']",['社會 & 文化']
7459,反制川普，荷蘭部長組織「She Decides」為女性醫療資源跨國募款,AgnesPoe,2017-02-05 23:34:03,"['女性', '捐款', '活動', '社會']",['社會 & 文化']
7466,什麼該丟哪個回收桶一眼就知道,CindyLiao,2017-02-07 21:45:14,"['回收', '垃圾', '生活設計', '社會', '設計', '都市設計']",['街拍543']
7471,原來早在17世紀，鄭成功就幫台灣上了史上第一堂解殖歷史課,PoWeiChen,2017-02-10 08:26:01,"['台灣', '故事', '教育', '文化', '歷史']",['社會 & 文化']
7484,接地氣與時代的荷蘭玫瑰花房,CindyLiao,2017-02-13 08:12:41,"['企業', '商業', '永續', '環境', '生物', '經濟', '花卉', '農業']",['環境 & 科學']
7496,開放科學在荷蘭(上)：讓科學知識公開化和透明化,pmsp96,2017-03-02 22:42:59,"['大學', '學術研究', '教育', '研究報告', '科學']",['環境 & 科學']
7511,荷裔英籍爵士畫家阿爾瑪塔德瑪，帶您搭上時光機重遊古埃及與羅馬,Cynthia,2017-02-16 22:47:38,"['Leeuwarden', '人文', '古典', '故事', '歷史', '畫家', '藝術']",['人文 & 藝術']
7526,黨中民主--荷蘭CDA黨員大會第一手直擊,UgaHuang,2017-02-21 21:51:56,"['宗教', '政治', '社會', '荷蘭選舉', '選舉']",['社會 & 文化']
7540,你的臉就是機票！史基浦機場臉部辨識登機測試中,moli,2017-02-20 08:50:46,"['KLM', 'Mo Li漫新聞', '史基浦機場', '新奇', '科技', '趣味']",['建築 & 設計']
7560,「親」門踏戶荷蘭皇家御用台夫特陶廠,CindyLiao,2017-02-28 22:39:08,"['Delft', '台夫特Delft', '景點', '玩']",['吃喝 & 玩樂']
7576,開放科學在荷蘭(下)：從開放研究流程到開放教育資源,pmsp96,2017-03-02 22:43:24,"['大學', '學術研究', '教育', '研究報告', '科學']",['社會 & 文化']
7589,天才設計師紀梵希向奧黛麗愛的告白（上）,Cynthia,2017-03-05 21:43:56,"['博物館', '展覽', '時尚', '海牙', '藝術']",['人文 & 藝術']
7590,天才設計師紀梵希向奧黛麗愛的告白（下）,Cynthia,2017-03-05 21:44:07,"['博物館', '展覽', '時尚', '海牙', '藝術']",['人文 & 藝術']
7615,鹿特丹Erasmus大學商學院的招牌碩士學程：供應鏈管理,Debbielee,2017-03-07 22:18:58,"['MBA', '商學院', '教育', '留學', '碩士', '荷蘭留學', '鹿特丹']",['留學荷蘭']
7619,荷蘭2017年大選解析,TRON,2017-03-13 09:18:14,"['政治', '政黨', '歐盟', '社會', '荷蘭選舉', '難民']",['社會 & 文化']
4125,市集控探索之路：精選13個荷蘭創意滿點假日生活市集（上）-2017更新,beckyChiu,2017-05-19 23:41:41,"['吃', '市集', '景點', '海牙', '烏特勒支', '玩', '美食', '萊頓', '買', '購物', '阿姆斯特丹', '鹿特丹']",['吃喝 & 玩樂']
4160,市集控探索之路：精選13個荷蘭創意滿點假日生活市集（下）-2017更新,beckyChiu,2017-05-19 14:58:37,"['創意', '吃', '市集', '景點', '海牙', '玩', '美食', '買', '購物', '阿姆斯特丹', '鹿特丹']",['吃喝 & 玩樂']
7633,[Mo Li漫新聞] 投票的最高境界——投票站是我家！,moli,2017-03-21 11:52:16,"['MoLi漫新聞', '荷蘭大選', '趣味', '選舉']",['社會 & 文化']
7642,400年前合約裡的尼德蘭屬東印度公司與福爾摩沙人,PoWeiChen,2017-03-23 22:55:21,"['台灣', '文化', '東印度公司', '歷史', '社會', '荷蘭&台灣']",['社會 & 文化']
7649,比超市還琳瑯滿目的課程選項--台夫特理工大學建築所,Demon,2017-03-28 21:13:21,"['台夫特', '台夫特Delft', '台夫特大學', '建築', '留學', '碩士', '荷蘭留學']",['留學荷蘭']
7655,專訪阿姆斯特丹Docking Station--推動攝影故事的小屋,Sheng Wen Lo,2017-03-30 21:53:08,"['展覽', '攝影', '玩', '藝術', '藝術駐村', '阿姆斯特丹']",['人文 & 藝術']
7668,解讀2017年荷蘭大選結果(上):向右傾斜，但極右勢力成長不如預期,LUChen,2017-04-04 22:41:32,"['國會', '政治', '政黨', '社會', '荷蘭選舉', '選舉']",['社會 & 文化']
7673,解讀2017年荷蘭大選結果(下):從三大政黨家族到充滿小黨的大平台,LUChen,2017-04-04 22:42:29,"['國會', '宗教', '政治', '政黨', '柱狀式社會', '歷史', '社會', '荷蘭選舉', '選舉']",['社會 & 文化']
7697,阿姆斯特丹媽媽們（偶爾還有爸爸）,meg,2017-04-06 22:41:08,"['Case study', '產業社群', '社會', '網路', '親子', '阿姆斯特丹']",['社會 & 文化']
7703,食在尼德蘭--備食去,arthistorystrolls,2017-04-13 06:31:46,"['博物館', '古典', '吃', '故事', '歷史', '繪畫', '藝術']",['人文 & 藝術']
7715,食在尼德蘭--煮食去,arthistorystrolls,2017-04-14 13:02:24,"['博物館', '古典', '吃', '故事', '歷史', '繪畫', '藝術']",['人文 & 藝術']
7731,食在尼德蘭--享食去,arthistorystrolls,2017-04-14 23:30:33,"['博物館', '古典', '吃', '故事', '歷史', '繪畫', '藝術']",['人文 & 藝術']
7748,[Mo Li漫新聞] 你以為口說無憑？說髒話也要買單！,moli,2017-04-20 13:49:51,"['MoLi漫新聞', '趣味']",['社會 & 文化']
7757,荷蘭人也信「陶冶」性情與心志這套,CindyLiao,2017-05-11 15:17:25,"['社會', '醫療']",['社會 & 文化']
7765,從台灣跨進荷蘭：台灣荷蘭設計聚落,tddp,2017-05-12 22:07:14,"['台灣荷蘭設計聚落', '荷蘭&台灣', '設計']",['建築 & 設計']
7777,社會的隱形炸彈--工作倦怠症,brontesun,2017-05-16 23:41:20,"['工作', '社會', '醫療']",['社會 & 文化']
7782,荷蘭童書專區--青蛙奇可與他的朋友們（Kikker en zijn vriendjes）,LUChen,2017-05-30 00:00:51,"['兒童', '教育', '文學', '書', '荷蘭童書']",['人文 & 藝術']
7829,[Mo Li漫新聞] 老人家過馬路不用急，荷蘭紅綠燈APP測試中,moli,2017-05-20 14:37:03,"['APP', 'MoLi漫新聞', '交通', '創新', '服務設計', '銀髮族']",['社會 & 文化']
7839,阿姆斯特丹散散步--15世紀木造屋：猴子酒吧、Begijnhof,QB,2017-05-21 23:01:13,"['古蹟', '旅遊', '景點', '阿姆斯特丹']",['吃喝 & 玩樂']
7864,全球最有創意的觀光大使和展場設計--Mr. Holland！,OranjeExpress,2017-06-02 01:44:03,"['創意', '有趣', '橘色', '活動', '設計']",['建築 & 設計']
7887,A L E I V E R S P O O R : 「Bag．包」模組化設計 &amp; 共同設計,tddp,2017-06-09 21:55:16,"['台灣荷蘭設計聚落', '產品設計', '荷蘭&台灣', '荷蘭人在台灣', '設計']",['建築 & 設計']
7892,夏天怎能沒音樂？荷蘭丹布許露天歌劇日Opera op de Parade等著你！,Cynthia,2017-06-13 23:16:32,"['Den Bosch', '古典', '古典樂', '活動', '藝術', '音樂']",['人文 & 藝術']
7911,EYE電影博物館與貝拉．塔爾（Béla Tarr）,Sheng Wen Lo,2017-06-22 12:45:42,"['博物館', '阿姆斯特丹', '電影']",['人文 & 藝術']
7923,[Mo Li漫新聞] 拼人氣？你可能還不如一棵荷蘭白楊樹,moli,2017-06-25 23:12:26,"['MoLi漫新聞', '媒體', '新奇', '植物', '網路', '趣味']",['社會 & 文化']
7931,MIN-studio--循環設計與社會設計結合的具體實踐,tddp,2017-07-08 00:53:25,"['再生', '台灣荷蘭設計聚落', '回收', '循環設計', '產品設計', '社會福利', '社會設計', '荷蘭&台灣', '荷蘭人在台灣']",['建築 & 設計']
7938,從城市空間的角度解碼性產業秘辛：Red Light City,CindyLiao,2017-07-09 23:07:23,"['城市', '城市發展', '建築', '文化', '歷史', '社會', '紅燈區', '阿姆斯特丹']",['建築 & 設計']
7947,前荷蘭女王的帽子時尚與哲學？阿培爾頓夏宮看CHAPEAUX!,Cynthia,2017-07-17 23:47:03,"['博物館', '展覽', '時尚', '皇室', '阿培爾頓Apeldoorn']",['人文 & 藝術']
7964,[Mo Li漫新聞] 說好坐牢受罰，牢房鑰匙卻在犯人手中,moli,2017-07-20 09:53:04,"['MoLi漫新聞', '新奇', '監獄']",['社會 & 文化']
7971,烏特勒支能源城市對話(上)--籌備三重點:吸引參加、安心討論、賦予責任,Laiwenling,2017-07-25 23:26:55,"['人民溝通', '合作文章', '永續', '烏特勒支', '能源', '都市發展', '都市規劃', '都市設計']",['社會 & 文化']
7979,烏特勒支能源城市對話(下)--活動三心法:邊做邊學、善用技巧、破除行政慣性,Laiwenling,2017-07-25 23:27:19,"['人民溝通', '合作文章', '永續', '烏特勒支', '能源', '都市發展', '都市規劃', '都市設計']",['社會 & 文化']
7993,2017阿姆斯特丹同志遊行之彩虹週,QB,2017-08-05 11:40:42,"['同志', '同志大遊行', '慶典', '活動', '趣味', '阿姆斯特丹']",['街拍543']
8008,[荷蘭童書專區] 悅悅和娜娜（Jip en Janneke）,opendutchstories,2017-08-09 01:39:41,"['兒童', '教育', '文學', '書', '荷蘭童書']",['人文 & 藝術']
8022,Lilian van Stekelenburg--永續金娘啟動台灣新信仰,tddp,2017-08-13 00:33:33,"['傳統', '台灣荷蘭設計聚落', '宗教', '永續', '荷蘭&台灣', '荷蘭人在台灣', '設計']",['建築 & 設計']
8026,[Mo Li漫新聞] 荷蘭人熱情好客？天大的誤會！,moli,2017-08-20 11:01:03,"['MoLi漫新聞', '家庭', '社會', '趣味']",['社會 & 文化']
8034,沒有荷屬東印度公司(VOC)，就沒有MOA(Museum Oud Amelisweerd)令人驚豔的中國壁畫！,Cynthia,2017-09-06 01:06:48,"['博物館', '壁畫', '東印度公司', '藝術']",['人文 & 藝術']
8071,[Mo Li漫新聞] 什麼都能丟，什麼都不奇怪！荷蘭國鐵失物排行榜,moli,2017-09-19 21:10:53,"['MoLi漫新聞', 'NS', '火車', '趣味']",['社會 & 文化']
8085,[荷蘭怎麼醬子]生日驚喜,LavenderShe,2017-10-05 23:27:08,"['節慶', '荷蘭怎麼醬子', '趣味']",['社會 & 文化']
8097,凡德爾公園橋下的地窖音樂會,RachelWu,2017-10-11 23:18:07,"['景點', '活動', '玩', '阿姆斯特丹', '音樂']",['吃喝 & 玩樂']
8128,荷蘭舊建築新花樣--四個不可錯過的文青熱點,beckyChiu,2017-10-18 09:05:12,"['Den Bosch', 'Maastricht', '吃', '咖啡', '玩', '阿姆斯特丹', '餐廳']",['吃喝 & 玩樂']
8158,[Mo Li漫新聞] 結婚典禮蹭場地，如此人生大事荷蘭人也要省錢,moli,2017-10-22 23:31:10,"['婚姻', '社會', '節慶', '荷蘭人']",['社會 & 文化']
8163,2017台灣設計師在DDW荷蘭設計週,kaopaohui,2017-10-25 11:53:47,"['DDW', '埃因霍芬設計學院', '安荷芬Eindhoven', '社會設計', '荷蘭設計週', '藝術', '設計']",['建築 & 設計']
8189,留學停看聽--心理準備篇,wendywuwhw112,2017-10-27 11:19:11,"['MBA', 'RSM', 'Tias', '荷蘭留學', '鹿特丹']",['留學荷蘭']
8193,留學停看聽--申請學校篇,wendywuwhw112,2017-10-27 11:20:55,"['MBA', 'RSM', '博士', '碩士', '荷蘭留學', '鹿特丹']",['留學荷蘭']
8200,TOP 10荷蘭必吃國民小食,QB,2017-11-01 11:20:56,"['吃', '景點', '美食']",['吃喝 & 玩樂']
8218,荷蘭烏特勒支大學：國際公法碩士介紹（上）,RuiChang,2017-11-07 22:55:23,"['法律', '烏特勒支', '碩士', '荷蘭留學']",['留學荷蘭']
8223,荷蘭烏特勒支大學：國際公法碩士介紹（下）,RuiChang,2017-11-07 22:55:15,"['法律', '烏特勒支', '碩士', '荷蘭留學']",['留學荷蘭']
8234,Museum MORE give you even more! -盧若城堡分館也精彩!,Cynthia,2017-11-10 00:14:08,"['博物館', '景點', '藝術', '設計']",['人文 & 藝術']
8253,實習生練習曲--台灣&amp;荷蘭設計實習計畫,tddp,2017-11-11 01:10:03,"['English', '產品設計', '荷蘭&台灣', '荷蘭人在台灣', '荷蘭設計聚落', '設計']",['建築 & 設計']
8259,[蘭船東去] 序章  誓與君絕：八十年戰爭前夕,Kim,2017-11-13 10:13:17,"['專題', '故事', '東印度公司', '歷史', '法律', '經濟', '黃金時代']",['社會 & 文化']
8265,1568年．荷蘭與八十年戰爭,gushi.tw,2017-11-13 10:28:43,"['合作文章', '專題', '戰爭', '故事', '東印度公司', '歷史', '經濟']",['社會 & 文化']
8286,[蘭船東去] 第一章 里斯本的囚犯,Kim,2017-11-16 13:28:24,"['專題', '故事', '東印度公司', '歷史', '法律', '經濟', '黃金時代']",['社會 & 文化']
8298,[蘭船東去] 第二章 遠征公司,Kim,2017-11-16 13:50:44,"['專題', '故事', '東印度公司', '歷史', '黃金時代']",['社會 & 文化']
8316,是起義、造反，還是革命？--荷蘭與歐洲的八十年戰爭,gushi.tw,2017-11-17 00:03:15,"['政治', '故事', '東印度公司', '歷史']",['社會 & 文化']
8324,[Mo Li漫新聞] 黑彼得要失業了,moli,2017-11-20 01:19:41,"['MoLi漫新聞', '文化', '種族歧視', '種族議題', '節慶', '聖尼可拉斯']",['社會 & 文化']
8336,荷蘭電玩展First look festival--一場濃縮全球遊戲動態的荷式派對,UgaHuang,2017-11-20 23:11:51,"['商業', '展覽', '烏特勒支', '遊戲']",['社會 & 文化']
8348,[蘭船東去] 第三章 愛國者們,Kim,2017-11-23 05:42:44,"['專題', '故事', '東印度公司', '歷史', '黃金時代']",['社會 & 文化']
8357,[蘭船東去] 第四章 蘭伯特的日記,Kim,2017-11-23 06:05:01,"['專題', '故事', '東印度公司', '歷史', '黃金時代']",['社會 & 文化']
8378,宗教與尼德蘭起義：荷蘭的一頁歷史,gushi.tw,2017-11-24 23:52:10,"['合作文章', '專題', '故事', '東印度公司', '歷史', '經濟']",['社會 & 文化']
8388,荷蘭鹿特丹霍桑兒童仙境Wikado遊戲場參訪紀錄,eyesonplace,2017-11-27 00:12:48,"['兒童', '兒童遊樂場', '合作文章', '教育', '社會', '社會設計', '設計']",['建築 & 設計']
8407,[蘭船東去] 第五章 萬丹見聞錄,Kim,2017-11-30 00:08:50,"['專題', '故事', '東印度公司', '歷史', '黃金時代']",['社會 & 文化']
8417,[蘭船東去] 第六章 戰火中的白鴿,Kim,2017-11-30 00:23:22,"['專題', '故事', '東印度公司', '歷史', '黃金時代']",['社會 & 文化']
8437,[荷蘭怎麼醬子]搭訕篇,LavenderShe,2017-12-03 12:48:32,"['文化', '腳踏車', '荷蘭怎麼醬子', '趣味']",['社會 & 文化']
8445,以聖尼可拉斯之名的驚喜之夜,minitjeming,2017-12-03 23:14:26,"['節慶', '聖尼可拉斯', '趣味']",['社會 & 文化']
8458,荷蘭循環自造--The New Raw 的3D列印傢俱 The XXX,Yuntsui,2017-12-04 21:51:49,"['3D列印', '循環經濟', '循環設計', '科技', '設計']",['建築 & 設計']
8469,[蘭船東去] 第七章 歸鄉之路,Kim,2017-12-06 22:40:12,"['專題', '故事', '東印度公司', '歷史', '黃金時代']",['社會 & 文化']
8477,荷蘭市立圖書館（Bibliotheek-BplusC）與專屬兒童的閱讀起步走（boekstart）計畫,opendutchstories,2017-12-07 23:38:56,"['兒童', '圖書館', '教育', '書', '荷蘭童書']",['社會 & 文化']
8493,因陀羅網上的東方：荷蘭國家檔案館特展The World of the Dutch East India Company,PaoYi,2017-12-10 23:53:25,"['專題', '展覽', '戰爭', '東印度公司', '歷史', '海牙', '藝術', '貿易', '黃金時代']",['人文 & 藝術']
8512,[蘭船東去] 第八章 商人的器量,Kim,2017-12-14 13:45:31,"['專題', '故事', '東印度公司', '歷史', '黃金時代']",['社會 & 文化']
8521,荷蘭歷史的多重糾葛：尼德蘭的起義與獨立,gushi.tw,2018-01-15 23:08:36,"['合作文章', '專題', '故事', '東印度公司', '歷史']",['社會 & 文化']
8527,Gerard Jasperse--以在地傳統工藝、多媒體說東印度公司的故事,tddp,2017-12-16 03:10:04,"['English', '產品設計', '荷蘭&台灣', '荷蘭人在台灣', '荷蘭設計聚落', '設計']",['社會 & 文化']
8534,揮之不去的傳統--磚在荷蘭建築發展中的角色（一）,EnYuHuang,2017-12-18 00:20:50,"['專題', '建築', '歷史', '藝術', '設計']",['建築 & 設計']
8555,揮之不去的傳統--磚在荷蘭建築發展中的角色（二）,EnYuHuang,2017-12-18 00:21:23,"['專題', '建築', '歷史', '藝術', '設計']",['建築 & 設計']
8557,揮之不去的傳統--磚在荷蘭建築發展中的角色（三）,EnYuHuang,2017-12-18 00:22:20,"['專題', '建築', '歷史', '藝術', '設計']",['建築 & 設計']
8559,揮之不去的傳統--磚在荷蘭建築發展中的角色（四）,EnYuHuang,2017-12-18 00:36:48,"['專題', '建築', '歷史', '藝術', '設計']",['建築 & 設計']
8593,[Mo Li漫新聞] 2017聖誕&amp;2018新年快樂!,moli,2017-12-23 16:35:28,"['新年', '聖誕節']",['社會 & 文化']
8599,[蘭船東去] 第九章 好生意,Kim,2017-12-28 05:23:44,"['專題', '故事', '東印度公司', '歷史', '黃金時代']",['社會 & 文化']
8606,[蘭船東去] 第十章 議長的決心,Kim,2018-01-04 05:53:05,"['專題', '故事', '東印度公司', '歷史', '黃金時代']",['社會 & 文化']
8618,繪話荷蘭：八幅名作話黃金時代,minitjeming,2018-01-08 22:04:01,"['專題', '東印度公司', '歷史', '維梅爾', '繪畫', '藝術', '黃金時代']",['人文 & 藝術']
8636,改寫台灣命運的關鍵戰役 —《決戰熱蘭遮》— 搶先試讀,OranjeExpress,2018-01-10 09:42:17,[],['社會 & 文化']
8657,[蘭船東去] 第十一章 舌戰群商,Kim,2018-01-11 12:14:41,"['專題', '故事', '東印度公司', '歷史', '黃金時代']",['社會 & 文化']
8700,[蘭船東去] 第十二章 沙洲明珠,Kim,2018-01-18 07:17:03,"['專題', '故事', '東印度公司', '歷史', '黃金時代']",['社會 & 文化']
8707,[Mo Li漫新聞]為什麼荷蘭人的鼻孔很大？,moli,2018-01-20 12:37:22,"['MoLi漫新聞', '文化', '社會', '荷蘭人', '趣味']",['社會 & 文化']
8712,[蘭船東去-大結局] 第十三章 菲德烈的遠行,Kim,2018-01-25 07:01:59,"['專題', '故事', '東印度公司', '歷史', '黃金時代']",['社會 & 文化']
8729,翁佳音：若精讀這本書，那麼他對荷蘭時代的認識，級數與我同等,sobooks.tw,2018-01-29 12:38:37,"['合作文章', '文化', '書', '東印度公司', '歷史', '社會']",['人文 & 藝術']
8740,荷蘭美術館典範游移--從國立博物館到弗爾林登美術館(Museum Voorlinden),elli7han.w,2018-02-01 13:51:38,"['博物館', '展覽', '美術館', '藝術']",['人文 & 藝術']
8755,[Kafé Oranje歐蘭橘咖啡館] Bier of biertje 啤酒或小啤酒，兜幾？,YuChia,2018-02-04 22:36:40,"['Kafé Oranje 歐蘭橘咖啡館', '學荷蘭文', '文化', '社會']",['社會 & 文化']
8771,天氣太冷，果汁也戴起毛帽兒？,QB,2018-02-07 07:13:58,"['商業', '活動', '超市']",['街拍543']
8792,光榮故事的另一面：反思荷蘭東印度公司(VOC)在亞洲的殖民歷史,LUChen,2018-02-09 06:53:42,"['專題', '東印度公司', '歷史', '黃金時代']",['社會 & 文化']
8806,阿姆斯特丹轉角遇到Art – 來自巨人國3XL倍的親親,QB,2018-02-13 07:11:06,"['公共藝術', '建築', '景點', '玩', '腳踏車', '設計', '轉角遇到ART', '阿姆斯特丹']",['人文 & 藝術']
8818,在荷台人說荷蘭當代平面設計,YuTzuHuang,2018-02-20 22:45:45,"['DAE', 'Design Academy Eindhoven', '埃因霍芬Eindhoven', '埃因霍芬設計學院', '藝術', '設計']",['建築 & 設計']
8835,[Mo Li漫新聞]時尚的短期素食主義者,moli,2018-03-04 17:12:50,"['Mo Li漫新聞', '健康', '吃', '文化', '社會', '趣味', '食譜']",['社會 & 文化']
8839,[Kafé Oranje歐蘭橘咖啡館] 樹大招風？,YuChia,2018-03-04 18:37:03,"['Kafé Oranje 歐蘭橘咖啡館', '學荷蘭文', '文化', '社會']",['社會 & 文化']
8843,荷蘭2017年風格派（De Stijl）運動百年彌新,elli7han.w,2018-03-07 13:52:07,"['海牙', '萊頓', '藝術', '設計']",['人文 & 藝術']
8875,Studio Nienke Hoogvliet--友善生態循環的紡織品,tddp,2018-03-17 03:37:15,"['English', '永續', '環境', '產品設計', '荷蘭&台灣', '荷蘭人在台灣', '荷蘭設計聚落', '設計']",['社會 & 文化']
8878,國家榮耀的紀念碑：荷蘭國家博物館成立簡史,PaoYi,2018-03-11 22:35:12,"['博物館', '國立博物館', '故事', '文化', '歷史', '藝術']",['人文 & 藝術']
8890,2018荷蘭亞洲電影節專訪《轉彎之後》導演黃千殷--一個重新找自己的旅程,SandyTu,2018-03-15 06:52:57,"['CinemAsia', '亞洲', '亞洲電影節', '文化', '社會', '藝術', '電影']",['社會 & 文化']
8905,零用錢?!一定要給啊!--荷蘭父母的金錢教育,moli,2018-03-21 22:31:30,"['MoLi漫新聞', '教育', '文化', '經濟', '荷蘭人']",['社會 & 文化']
8918,借鏡荷蘭 打造台灣高教的未來年表,JaneLin,2018-03-28 11:11:02,"['台灣', '大學教育', '教育', '高等教育']",['社會 & 文化']
8929,[Kafé Oranje歐蘭橘咖啡館] 復活節特輯,YuChia,2018-04-01 11:00:58,"['Kafé Oranje 歐蘭橘咖啡館', '學荷蘭文', '宗教', '文化', '社會', '節慶']",['社會 & 文化']
8936,Embrace Everything! 荷蘭TIAS商學院畢業生專訪,OranjeExpress,2018-04-06 12:42:27,"['Tias', '商學院', '教育', '留學']",['留學荷蘭']
8946,阿姆斯特丹的百年釘子戶,QB,2018-04-11 09:51:53,"['建築', '故事', '景點', '歷史', '趣味', '阿姆斯特丹']",['街拍543']
8953,荷蘭式育兒守則：休息、衛生與規律,wongbei,2018-04-09 13:19:29,"['教育', '荷蘭小孩', '荷蘭教育', '親子']",['社會 & 文化']
8957,惡劣的環境創造出奇蹟？近代世界的形成，竟是開始於歐洲的壞天氣,Kim,2018-04-16 12:59:54,"['合作文章', '文化', '書', '東印度公司', '歷史', '社會', '說書']",['人文 & 藝術']
8962,薯泥、白蘆筍、異國風：農場裡的荷蘭美食(上),OranjeExpress,2018-04-19 14:09:25,"['吃', '文化', '旅遊', '社會', '美食']",['社會 & 文化']
8965,薯泥、白蘆筍、異國風：農場裡的荷蘭美食(下),OranjeExpress,2018-04-19 14:19:36,"['吃', '文化', '旅遊', '社會', '美食']",['社會 & 文化']
8996,[Mo Li漫新聞] 禁止吵鬧！一條會唱歌的路被投訴,moli,2018-04-23 13:10:38,"['交通', '科技', '菲仕蘭省', '趣味']",['社會 & 文化']
9000,荷蘭教育哪裡不一樣？台灣高教望突破瓶頸,JaneLin,2018-04-24 23:33:41,"['台灣', '大學', '教育', '高等教育']",['社會 & 文化']
9010,一場時空交錯、尋找自我之旅--專訪《小玩意》導演王洪飛(David Verbeek),huangyun,2018-05-02 10:07:14,"['人文', '台荷交流', '藝術', '電影']",['人文 & 藝術']
9026,[Kafé Oranje歐蘭橘咖啡館] 壯得像頭…疑？熊？,YuChia,2018-05-08 11:32:56,"['Kafé Oranje 歐蘭橘咖啡館', '動物', '學荷蘭文', '文化', '社會']",['社會 & 文化']
9034,電影《自然：版權所有》：是揭露，還是鞏固了當代文明的自然虛像？,Laiwenling,2018-05-11 04:06:41,"['台灣', '文化', '荷蘭', '藝術', '電影']",['人文 & 藝術']
9044,誰是《天堂異鄉人》？聆聽紀錄片裡的他者聲音,SzuHui,2018-05-12 11:35:54,"['台灣', '文化', '社會', '荷蘭', '藝術', '難民', '電影']",['人文 & 藝術']
9054,荷蘭兒童民主教育,wongbei,2018-05-15 11:20:10,"['小學教育', '教育', '文化']",['社會 & 文化']
9058,減塑救地球--全球第一間無塑膠材質包裝商店,QB,2018-05-22 11:48:01,"['景點', '玩', '環保', '荷蘭超市', '買', '阿姆斯特丹']",['社會 & 文化']
9092,在工作與孩子間尋找平衡 — 荷蘭的職業婦女們,taikej,2018-05-24 13:57:33,"['女性', '性別平等', '文化', '社會', '職場']",['社會 & 文化']
9103,海平面下的花花世界：以創意和專注打造出的花卉大國(上),OranjeExpress,2018-05-28 14:14:47,"['社會', '經濟', '花', '農業']",['社會 & 文化']
9125,海平面下的花花世界：以創意和專注打造出的花卉大國(中),OranjeExpress,2018-05-28 14:14:49,"['社會', '經濟', '花', '農業']",['社會 & 文化']
9126,海平面下的花花世界：以創意和專注打造出的花卉大國(下),OranjeExpress,2018-05-28 14:14:55,"['社會', '經濟', '花', '農業']",['社會 & 文化']
9139,[荷事活動]「Around the World: Kyoto x Amsterdam」畫展,OranjeExpress,2018-06-03 21:36:45,"['English', '活動']",['人文 & 藝術']
9147,2018年「歐洲綠首都」得主--荷蘭奈梅亨市獲獎原因（上）,Yuntsui,2018-06-04 01:59:54,"['Nijmegen', '合作文章', '奈梅亨', '水利管理', '永續', '環境']",['環境 & 科學']
9167,2018年「歐洲綠首都」得主--荷蘭奈梅亨市獲獎原因（下）,Yuntsui,2018-06-05 04:23:27,"['Nijmegen', '合作文章', '城市', '奈梅亨', '永續', '環境', '能源']",['環境 & 科學']
9194,Embrace Everything! 荷蘭TIAS商學院MBA畢業生專訪,OranjeExpress,2018-06-10 03:25:29,"['MBA', 'Tias', '合作文章', '烏特勒支', '碩士']",['留學荷蘭']
9201,[Kafé Oranje歐蘭橘咖啡館] 雨過天晴,YuChia,2018-06-13 10:40:59,"['Kafé Oranje 歐蘭橘咖啡館', '學荷蘭文', '文化', '社會']",['社會 & 文化']
9205,【展覽回顧】女人當家! 三(女)王二后--荷蘭皇家肖像展,Cynthia,2018-06-18 04:19:23,"['博物館', '展覽', '皇室']",['人文 & 藝術']
9245,[Mo Li漫新聞] 阿嬤的精品店,moli,2018-06-21 22:31:42,"['MoLi漫新聞', '老人', '購物']",['社會 & 文化']
9255,小國大業：荷蘭農業的超現實成就(上),OranjeExpress,2018-06-22 11:50:20,"['科技', '經濟', '農業']",['環境 & 科學']
9281,小國大業：荷蘭農業的超現實成就(下),OranjeExpress,2018-06-22 12:15:10,"['科技', '經濟', '農業']",['環境 & 科學']
9302,在荷蘭遇見台灣人：荷蘭社會中的多元文化主義和移民政策(上),OranjeExpress,2018-06-27 03:26:29,"['同性婚姻', '婚姻', '新移民', '異國', '社會', '貿易']",['社會 & 文化']
9304,在荷蘭遇見台灣人：荷蘭社會中的多元文化主義和移民政策(下),OranjeExpress,2018-06-27 03:27:22,"['漢學', '留學', '社會', '荷蘭留學', '萊頓']",['社會 & 文化']
9338,目標 2050 年：解讀荷蘭政府眼中的循環經濟,Richard,2018-07-06 00:05:21,"['循環經濟', '政府', '政策', '永續', '環境', '經濟', '能源']",['環境 & 科學']
9368,[Kafé Oranje歐蘭橘咖啡館] 黑的像烏鴉,YuChia,2018-07-09 20:39:08,"['Kafé Oranje 歐蘭橘咖啡館', '學荷蘭文', '文化', '社會']",['社會 & 文化']
9378,在荷蘭遇見永續時尚：歐洲時尚產業的循環經濟發展趨勢和台灣紡織產業的契機,Kikiwu,2018-07-10 22:09:43,"['循環時尚', '循環經濟', '時尚', '永續', '永續時尚', '環境']",['環境 & 科學']
9404,住好住滿的居住空間：荷蘭終身公寓設計始祖Hans Becker帶你看見不同的居住可能,silverlinings,2018-07-16 00:59:58,"['社會福利', '老人', '醫療', '長期照顧']",['社會 & 文化']
9416,2018年「歐洲綠首都」得主—荷蘭奈梅亨市年度系列活動（上）：五張綠色主題地圖,Yuntsui,2018-07-18 10:00:48,"['Nijmegen', '合作文章', '奈梅亨', '永續', '環境']",['環境 & 科學']
9453,2018年「歐洲綠首都」得主—荷蘭奈梅亨市年度系列活動（中）：上半年每月特色主題,Yuntsui,2018-07-18 10:01:29,"['Nijmegen', '合作文章', '奈美亨', '永續', '環境']",['環境 & 科學']
9486,2018年「歐洲綠首都」得主—荷蘭奈梅亨市年度系列活動（下）：下半年每月特色主題,Yuntsui,2018-07-18 10:01:49,"['Nijmegen', '合作文章', '奈美亨', '永續', '環境']",['環境 & 科學']
9524,老人照護該是社會的負擔還是家庭的壓力？淺談荷蘭長照,brontesun,2018-07-30 01:54:36,"['社會福利', '老人', '醫療', '長期照顧']",['社會 & 文化']
9556,荷蘭銀行（ABN AMRO）的循環大業：循環建築之永續展館CIRCL（上）,Yuntsui,2018-07-31 17:53:49,"['建築', '循環經濟', '循環設計', '永續']",['建築 & 設計']
9579,荷蘭銀行（ABN AMRO）的循環大業：循環建築之永續展館CIRCL（下）,Yuntsui,2018-07-31 18:00:52,"['建築', '循環經濟', '循環設計', '永續']",['建築 & 設計']
9610,材料護照和循環營建：要翻轉產業，先翻轉思維,JoanneLin,2018-08-08 00:41:07,"['建築', '循環經濟', '永續']",['環境 & 科學']
9634,[Kafé Oranje歐蘭橘咖啡館] 跟著夏天去旅行──尋字遊戲,YuChia,2018-08-13 10:17:03,"['Kafé Oranje 歐蘭橘咖啡館', '學荷蘭文']",['社會 & 文化']
9644,簡化與創新 — 荷蘭Buurtzorg照護模式創造多贏（上）,kuofeng,2018-08-15 01:10:43,"['社會福利', '老人', '醫療', '長期照顧']",['社會 & 文化']
9660,簡化與創新 — 荷蘭Buurtzorg照護模式創造多贏（下）,kuofeng,2018-08-15 02:23:21,"['社會福利', '老人', '醫療', '長期照顧']",['社會 & 文化']
9675,[台客J和澤蘭妹：從數字看荷蘭] 誰說荷蘭人不加班？,taikejzeelandme,2018-08-23 22:57:43,"['台客J和澤蘭妹：從數字看荷蘭', '工作', '職場']",['社會 & 文化']
9681,實踐從搖籃到搖籃（C2C）理念的芬洛市政廳（City Hall Venlo）：親近自然與對人的關懷,LUChen,2018-08-22 00:17:38,"['Venlo', '建築', '循環經濟', '循環設計', '搖籃到搖籃']",['建築 & 設計']
9745,用永續理想翻轉手機產業：剖析荷蘭社會企業Fairphone,JessieLi,2018-08-29 00:26:28,"['企業', '企業社會責任', '商業', '循環經濟', '社會企業']",['社會 & 文化']
9762,新創首都的自問與自答：2018阿姆斯特丹We Make the City節慶,punkelephant,2018-09-05 02:59:30,"['城市', '節慶', '都市規劃', '阿姆斯特丹']",['社會 & 文化']
9784,[貓力畫荷蘭] 荷蘭人的夏日美好：就是要戶外活動,moli,2018-09-07 01:34:06,"['玩', '腳踏車', '親子', '貓力畫荷蘭']",['社會 & 文化']
9809,在Blue city尋找循環經濟商機－鹿特丹水岸新創之夢,chenning,2018-09-17 02:37:01,"['創新', '創業', '循環經濟', '永續', '鹿特丹']",['社會 & 文化']
9826,框架內的藝術起義：凡艾伯當代美術館（Van Abbemuseum）,elli7han.w,2018-09-14 00:31:50,"['Eindhoven', '博物館', '埃因霍芬Eindhoven', '展覽', '美術館', '藝術']",['人文 & 藝術']
9866,荷蘭豬牛雞羊 屎尿何處去,chenning,2018-09-19 13:08:48,"['循環經濟', '畜牧業', '科技', '農業']",['環境 & 科學']
9886,[Kafé Oranje歐蘭橘咖啡館] 不幸中的大幸,YuChia,2018-09-24 11:35:10,"['Kafé Oranje 歐蘭橘咖啡館', '學荷蘭文']",['社會 & 文化']
9895,行過死蔭的幽谷–荷蘭集中營Camp Vught,mumu,2018-09-26 01:38:12,"['博物館', '景點', '歷史']",['社會 & 文化']
9920,[台客J和澤蘭妹：從數字看荷蘭] 荷蘭人的度假人生,taikejzeelandme,2018-09-28 11:56:00,"['旅遊', '玩', '親子']",['社會 & 文化']
9938,荷蘭主要的國際攝影節：布雷達、北極光與納爾登,artouch,2018-10-03 01:10:07,"['Breda', 'Naarden', '合作文章', '展覽', '攝影', '藝術']",['人文 & 藝術']
9951,靠海藻吃穿 海洋裡的未來潛力股,chenning,2018-10-08 11:37:37,"['循環時尚', '循環經濟', '永續時尚', '環境', '科技']",['環境 & 科學']
9969,荷為生物藝術（Bio Art）？進入荷蘭生物藝術的社群,guguangyi,2018-10-10 09:42:26,"['生物藝術', '科學', '科學藝術', '設計']",['環境 & 科學']
9983,[貓力畫荷蘭] 上大學就能如願脫離單身？首先你得選對學校！,moli,2018-10-12 10:27:31,"['城市', '大學', '貓力畫荷蘭']",['社會 & 文化']
9995,從生物藝術探索東西方飲食文化迷思：荷蘭未來中醫診所之《虎鞭計畫》,guguangyi,2018-10-16 23:58:40,"['文化', '生物藝術', '設計', '飲食']",['建築 & 設計']
10012,目標 2050 年：荷蘭循環經濟政策工具解析,Richard,2018-10-22 00:39:02,"['循環經濟', '政府', '政策', '永續', '經濟']",['環境 & 科學']
10032,[Kafé Oranje歐蘭橘咖啡館] 冬天騎車別忘了防風手套,YuChia,2018-10-26 01:21:22,"['Kafé Oranje 歐蘭橘咖啡館', '學荷蘭文']",['社會 & 文化']
9934,攝影美術館的創立與價值：荷蘭攝影博物館與海牙攝影美術館的現況,artouch,2018-10-31 01:12:47,"['博物館', '展覽', '攝影', '美術館', '藝術']",['人文 & 藝術']
10039,梵谷的曠野——庫勒慕勒美術館與雕塑公園,elli7han.w,2018-10-29 02:11:40,"['博物館', '展覽', '梵谷', '繪畫', '美術館', '藝術']",['人文 & 藝術']
10081,[台客J和澤蘭妹：從數字看荷蘭] 水漲船高的荷蘭房價,taikejzeelandme,2018-11-01 23:31:34,"['台客J和澤蘭妹：從數字看荷蘭', '買房']",['社會 & 文化']
10104,傳統與當代的攝影共振：阿姆斯特丹攝影美術館（Foam）與馬賽屋攝影美術館（Huis Marseille）,artouch,2018-11-07 01:54:43,"['合作文章', '展覽', '攝影', '美術館', '藝術']",['人文 & 藝術']
10115,鹿特丹新機構（HNI）展覽「異議花園」（Dissident Gardens）：透過生物藝術探索人類與植物的關係,guguangyi,2018-11-14 00:30:49,"['博物館', '展覽', '生物藝術', '科學', '科學藝術', '設計']",['建築 & 設計']
10132,歐洲之心》南狂歡、北牧原：淺談荷蘭的南北差異與地域主義,libertytimes,2018-11-16 00:59:44,"['Leeuwarden', 'Maastricht', '合作文章', '宗教', '文化', '社會', '菲仕蘭省', '語言', '馬斯垂克']",['社會 & 文化']
10152,荷蘭攝影教育：跨領域的學習與挑戰－萊頓大學,artouch,2018-11-21 01:14:56,"['合作文章', '攝影', '教育', '留學', '碩士', '藝術']",['留學荷蘭']
10163,荷蘭小鎮風光：大有來頭卻寧靜致遠的霍恩（Hoorn）,lanxueguan,2018-11-23 01:23:53,"['Hoorn', '旅遊', '東印度公司', '歷史', '荷蘭小鎮風光', '霍恩']",['街拍543']
10181,從兩個平台看荷蘭解決食物浪費的群體戰思維：零浪費網絡（No Waste Network）&amp; 廢物也很可口（Verspilling is Verrukkelijk）,xinyalin,2018-11-25 22:24:54,"['企業社會責任', '循環經濟', '荷蘭永續', '議題', '超市', '食物']",['環境 & 科學']
10193,荷蘭生物藝術的學院教育：連結設計、科學與社會,guguangyi,2018-11-28 01:15:02,"['DAE', 'Design Academy Eindhoven', '埃因霍芬設計學院', '生物藝術', '留學', '科學', '科學藝術', '設計']",['建築 & 設計']
10203,[貓力畫荷蘭] 我們需要靜一靜，阿姆斯特丹紅燈區要搬家？,moli,2018-11-30 09:40:06,"['紅燈區', '貓力畫荷蘭', '阿姆斯特丹']",['社會 & 文化']
10213,[Kafé Oranje歐蘭橘咖啡館] 十二月之聖尼古拉斯節快樂！,YuChia,2018-12-03 02:46:36,"['Kafé Oranje 歐蘭橘咖啡館', '學荷蘭文', '宗教', '文化', '種族歧視', '種族議題', '節慶', '聖尼可拉斯']",['社會 & 文化']
10222,[台客J和澤蘭妹：從數字看荷蘭] 結婚契約vs.伴侶契約，Dochi？,taikejzeelandme,2018-12-06 22:52:28,"['台客J和澤蘭妹：從數字看荷蘭', '婚姻', '文化', '社會']",['社會 & 文化']
10243,[進擊的荷蘭1] 2050年減碳95%！荷蘭催生全球最有野心的氣候法,Laiwenling,2018-12-10 00:14:31,"['再生能源', '合作文章', '氣候', '環境', '能源']",['環境 & 科學']
10254,[進擊的荷蘭2] 荷蘭的能源轉型抉擇：以風廢煤、脫離天然氣,Laiwenling,2018-12-10 00:53:16,"['再生能源', '合作文章', '氣候', '環境', '能源']",['環境 & 科學']
10273,[進擊的荷蘭3] 正視敏感話題：核能行不行？,Laiwenling,2018-12-10 02:50:32,"['再生能源', '合作文章', '氣候', '環境', '能源']",['環境 & 科學']
10291,荷蘭小鎮風光：閃閃惹人愛的豪達（Gouda）燭光節,lanxueguan,2018-12-20 17:39:48,"['Gouda', '燭光節', '荷蘭小鎮風光', '豪達']",['街拍543']
10319,荷蘭當代攝影社群：七個多元組織與新秀平台,artouch,2018-12-26 02:48:08,"['合作文章', '展覽', '攝影', '藝術']",['人文 & 藝術']
10341,[Kafé Oranje歐蘭橘咖啡館] 祝大家2019新年快樂！,YuChia,2019-01-01 00:20:43,"['Kafé Oranje 歐蘭橘咖啡館', '學荷蘭文', '活動', '節慶']",['社會 & 文化']
10345,展覽也能很fashion：阿姆斯特丹Fashion For Good永續時尚體驗博物館,Kikiwu,2019-01-02 01:52:39,"['博物館', '循環經濟', '時尚', '永續', '永續時尚']",['社會 & 文化']
10362,有用主張（UxU Studio）口中的阿姆斯特丹燈節,CindyLiao,2019-01-07 02:17:24,"['燈節', '藝術', '阿姆斯特丹']",['人文 & 藝術']
10373,荷蘭小鎮風光：世界九座華麗的星型堡壘之一：納爾登（Naarden）,lanxueguan,2019-01-17 17:55:10,"['Naarden', '古蹟', '旅遊', '景點', '歷史', '荷蘭小鎮風光']",['街拍543']
10391,[貓力畫荷蘭] 創業也要趁早？荷蘭青少年創業正夯,moli,2019-01-28 06:28:11,"['創業', '教育', '荷蘭教育', '荷蘭青年', '貓力畫荷蘭']",['社會 & 文化']
10400,淺談在荷蘭求職：個人履歷、人際網絡與理想雇主清單,UgaHuang,2019-02-26 22:56:11,"['在荷蘭工作', '工作', '職場', '荷蘭工作']",['社會 & 文化']
10422,[台客J和澤蘭妹：從數字看荷蘭] 荷蘭薪資知多少,taikejzeelandme,2019-03-06 01:11:29,"['台客J和澤蘭妹：從數字看荷蘭', '在荷蘭工作', '工作', '荷蘭工作']",['社會 & 文化']
10442,她的荷蘭轉職手記（一）：將想法轉為計畫,WinnieHsu,2019-03-08 09:56:36,"['在荷蘭工作', '工作', '職場', '荷蘭工作']",['社會 & 文化']
10457,荷蘭小鎮風光：阿姆斯特丹近郊之Ouderkerk aan de Amstel,lanxueguan,2019-03-15 01:07:07,"['Ouderkerk aan de Amstel', 'Pierre Cuypers', '教堂', '荷蘭小鎮風光', '阿姆斯特爾河', '風車']",['街拍543']
10477,台客J的荷蘭求職筆記,taikej,2019-03-27 00:37:42,"['在荷蘭工作', '工作', '荷蘭工作']",['社會 & 文化']
10491,親民版庫肯霍夫花園－安娜保羅娜（Anna Paulowna）馬賽克拼花節,lanxueguan,2019-04-05 01:18:31,"['Anna Paulowna', '春天', '花', '荷蘭小鎮風光']",['街拍543']
10507,她的荷蘭轉職手記（二）：建立自我價值和信心的破冰之旅,WinnieHsu,2019-04-12 00:58:17,"['在荷蘭工作', '工作', '職場', '荷蘭工作']",['社會 & 文化']
10522,[貓力畫荷蘭] 可以吃的理髮店（Kapsalon），到底是從阿姆斯特丹還是鹿特丹來的？,moli,2019-04-19 00:16:50,"['吃', '美食', '貓力畫荷蘭', '阿姆斯特丹', '鹿特丹']",['社會 & 文化']
10527,循環經濟的一堂課：跟著荷蘭TIAS商學院走一趟阿姆斯特丹,xinyalin,2019-04-17 01:10:09,"['企業社會責任', '循環經濟', '永續', '永續時尚', '荷蘭永續']",['社會 & 文化']
10560,邊摘邊走跳 - Cothen櫻桃節與Wijk van de Duurstede小鎮大歷史,lanxueguan,2019-05-24 11:30:59,"['Cothen', 'Wijk van de Duurstede', '櫻桃節', '荷蘭小鎮風光', '風車']",['街拍543']
10594,阿姆斯特丹轉角遇到ART－等我紅了再叫醒我,QB,2019-05-30 10:19:41,"['景點', '玩', '轉角遇到ART', '阿姆斯特丹']",['人文 & 藝術']
10611,她的荷蘭轉職手記（三）：履歷的一千零一頁,WinnieHsu,2019-06-04 22:48:28,"['在荷蘭工作', '工作', '職場', '荷蘭工作']",['社會 & 文化']
10631,歐洲之心》「親歐」、「脫歐」搞不定：從兩次選舉看荷蘭政治明星的對決,libertytimes,2019-06-12 01:35:31,"['政治', '政黨', '社會', '選舉']",['社會 & 文化']
10656,小鎮中的小鎮 - 梅登布利克Medemblik,lanxueguan,2019-06-20 09:53:49,"['Medemblik', '夜巡', '林布蘭', '梅登布利克', '老烘培博物館', '荷蘭小鎮風光']",['街拍543']
10678,害羞是NO NO！荷蘭TIAS商學院MBA畢業生專訪,OranjeExpress,2019-06-27 11:05:05,"['MBA', 'Tias', '合作文章', '歐洲矽谷', '碩士']",['留學荷蘭']
10693,她的荷蘭轉職手記（四）：面試的日常,WinnieHsu,2019-07-12 08:35:54,"['在荷蘭工作', '工作', '職場', '荷蘭工作']",['社會 & 文化']
10718,[貓力畫荷蘭] 荷蘭人會游泳嗎？那是一定要的啦！,moli,2019-08-26 00:10:30,"['小學', '小學教育', '教育', '貓力畫荷蘭', '體育']",['社會 & 文化']
10736,讀《荷蘭：每個角落都有故事》：二十七頁裡的一千零一個故事,LUChen,2019-08-28 23:35:21,"['故事', '文化', '景點', '書', '歷史', '社會', '荷蘭童書']",['社會 & 文化']
10754,讀《荷蘭：藏在角落裡的故事》：請搭配荷事生非大補帖與玩家攻略,LUChen,2019-08-29 00:07:26,"['景點', '書', '歷史', '社會', '荷蘭童書']",['社會 & 文化']
10797,荷蘭皇室的停車場兼停馬場：海牙的皇家馬廄（Koninklijke Stallen）,mumu,2019-09-16 00:42:38,"['Den Haag', '海牙', '皇室']",['社會 & 文化']
10890,藝術落腳並非偶然：跟著Motel Spatie走進六〇年代商場內的唯一非營利空間,daning,2019-10-23 00:51:11,"['Arnhem', '展覽', '藝術']",['人文 & 藝術']
10914,在城市中看見攝影，鋪陳觀眾視角：探訪荷蘭布雷達攝影節的導覽與推廣規劃,daning,2019-10-30 00:02:48,"['Breda', '展覽', '攝影', '藝術']",['人文 & 藝術']
10935,樓梯．工作室．船：荷蘭揚凡艾克學院（Jan van Eyck Academie）中的文化工作記憶,daning,2019-11-06 06:21:05,"['Maastricht', '藝術', '設計']",['人文 & 藝術']
10969,[貓力畫荷蘭] 有心栽花花不開：阿姆斯特丹花卉市場賣的鬱金香球莖，只有百分之一機率會開花,moli,2019-11-08 00:37:31,"['花卉', '貓力畫荷蘭', '阿姆斯特丹', '鬱金香']",['社會 & 文化']
10980,藝術家們組成的藝術空間：一訪海牙1646的展覽生成,daning,2019-11-12 00:05:37,"['Den Haag', '展覽', '海牙', '藝術', '設計']",['人文 & 藝術']
11023,如果我們讓所有動物與植物進入議會，會發生什麼事情？ ——專訪荷蘭實驗組織「物的議會」之「北海大使館計畫」,huangyun,2019-11-27 00:50:13,"['哲學', '永續', '科學', '藝術']",['人文 & 藝術']
11051,荷蘭求職之記者臥底報導（一）：商管碩士畢業生求職實驗與反思,weihsuan,2019-11-29 00:00:30,"['在荷蘭工作', '工作', '職場', '荷蘭工作']",['社會 & 文化']
11073,在荷蘭購物：Holland &amp; Barrett 天然有機保健／護膚用品推薦購買清單,oceaneyu,2019-12-06 00:05:00,"['玩', '買', '購物']",['吃喝 & 玩樂']
11107,三個不那麼知名卻又都蠻有一回事的市立美術館：格羅寧根、阿姆斯特丹和萊頓反映於藝術的城市印記,elli7han.w,2019-12-11 00:02:55,"['Groningen', '博物館', '歷史', '美術館', '萊頓', '藝術', '阿姆斯特丹']",['人文 & 藝術']
11164,以「共合」為理念的荷蘭藝術機構—— Casco Art Institute: Working for the Commons,huangyun,2019-12-18 09:19:34,"['展覽', '社會', '藝術']",['人文 & 藝術']
11191,改變ㄧ生的經驗！荷蘭TIAS商學院MBA畢業生專訪,OranjeExpress,2019-12-17 19:55:48,"['MBA', 'Tias', '合作文章', '歐洲矽谷', '碩士']",['留學荷蘭']
11195,四家阿姆斯特丹餐廳與咖啡廳推薦,oceaneyu,2020-01-05 16:32:00,"['咖啡', '美食', '阿姆斯特丹', '餐廳']",['吃喝 & 玩樂']
11200,馬斯籬笆（Maasheggen）——荷蘭的聯合國生物圈,UgaHuang,2019-12-25 07:50:59,"['環境', '聯合國', '自然']",['環境 & 科學']
11250,[貓力畫荷蘭] 氣球不是無辜的？荷蘭將禁止笑氣（N2O）,moli,2020-01-03 04:34:08,"['大麻', '毒品', '貓力畫荷蘭']",['社會 & 文化']
11269,用家常料理標註荷蘭四季,elli7han.w,2020-01-17 09:25:04,"['吃', '季節料理', '荷蘭食物', '食物', '食譜']",['吃喝 & 玩樂']
11302,荷蘭求職之記者臥底報導（二）：工具，給現在；韌性，給未來。,weihsuan,2020-01-22 00:36:05,"['在荷蘭工作', '工作', '職場', '荷蘭工作']",['社會 & 文化']
11329,海外求職：三個月的荷蘭找工作心路歷程,oceaneyu,2020-01-29 00:45:04,"['在荷蘭工作', '工作', '職場', '荷蘭工作']",['社會 & 文化']
11347,荷蘭求職之記者臥底報導（三）：10件你不可不知的工作契約眉角,weihsuan,2020-02-05 09:24:02,"['在荷蘭工作', '工作', '職場', '荷蘭工作']",['社會 & 文化']
11364,在荷蘭工作真的這麼閒嗎？那得看你如何平衡工作和生活,Debbielee,2020-02-26 01:19:42,"['在荷蘭工作', '工作', '歐洲職涯顧問', '職場', '荷蘭工作']",['社會 & 文化']
11383,【荷事研究社】成員招募,OranjeExpress,2020-02-28 01:00:14,['編輯台'],['社會 & 文化']
11402,2019亞洲電影節之台灣電影紀實+導演專訪－對蘭嶼人以及自己的承諾：崔永徽《只有大海知道》（Long Time No Sea）,ChiaWeiTung,2020-02-29 23:33:01,"['CinemAsia', '亞洲', '亞洲電影節', '文化', '電影']",['人文 & 藝術']
11439,2018荷蘭亞洲電影節之聚焦台灣：《盛情款待》（Omotenashi）導演陳鈺杰談跨國合作與跨世代跨文化溝通,maychen,2020-03-06 13:38:06,"['CinemAsia', '亞洲', '亞洲電影節', '文化', '電影']",['社會 & 文化']
11457,2018荷蘭亞洲電影節之聚焦台灣：『Love Talk電影X座談』－Behind the Backdrop活動紀實,LUChen,2020-03-13 02:48:12,"['CinemAsia', '亞洲', '亞洲電影節', '婚姻', '文化', '社會']",['社會 & 文化']
11502,宛如佛系的抗疫風格？對這波歐洲面對新型冠狀病毒政策的觀察,YingChen,2020-03-16 10:08:34,"['健康', '政策', '文化', '社會', '醫療']",['社會 & 文化']
11511,荷蘭人是「聽話」的民族嗎？從新冠肺炎抗疫情的觀察,weihsuan,2020-03-16 10:50:30,"['健康', '文化', '社會']",['社會 & 文化']
11524,到荷蘭學水科技（Water Technology）：水科技研究中心（Wetsus）與三校聯合碩士學程,Jeffreyvdb,2020-03-25 00:15:01,"['Leeuwarden', '水', '水科技', '永續', '環境', '留學', '留學荷蘭', '科技']",['留學荷蘭']
11552,歐洲之心》從不以為意到積極抗疫：荷蘭全力避免成為下一個義大利,libertytimes,2020-03-23 09:23:22,"['健康', '政策', '文化', '社會', '醫療']",['社會 & 文化']
11572,[Magie的荷蘭冒險之旅 The Adventure of Magie de Droom]：《口罩之亂》In the Battle against Coronavirus!,YuChia,2020-03-27 00:27:30,"['Magie的荷蘭冒險之旅 The Adventure of Magie de Droom', '健康', '文化', '社會']",['社會 & 文化']
11627,[Magie的荷蘭冒險之旅 The Adventure of Magie de Droom] 宅好宅滿,YuChia,2020-04-02 20:34:05,"['Magie的荷蘭冒險之旅 The Adventure of Magie de Droom', '健康', '文化', '社會']",['社會 & 文化']
11662,[Magie的荷蘭冒險之旅 The Adventure of Magie de Droom] 五種保持社交距離的方法,YuChia,2020-04-05 00:04:07,"['Magie的荷蘭冒險之旅 The Adventure of Magie de Droom', '健康', '文化', '社會']",['社會 & 文化']
11684,[Magie的荷蘭冒險之旅 The Adventure of Magie de Droom] 五種保持社交距離的方法 Part 2,YuChia,2020-04-10 08:41:58,"['Magie的荷蘭冒險之旅 The Adventure of Magie de Droom', '健康', '文化', '社會']",['社會 & 文化']
11695,[Magie的荷蘭冒險之旅 The Adventure of Magie de Droom] 忍術之雨傘防禦,YuChia,2020-04-16 18:22:50,"['Magie的荷蘭冒險之旅 The Adventure of Magie de Droom', '健康', '文化', '社會']",['社會 & 文化']
11715,[Magie的荷蘭冒險之旅 The Adventure of Magie de Droom] 五種簡單成為英雄和拯救世界的方法,YuChia,2020-04-23 18:00:54,"['Magie的荷蘭冒險之旅 The Adventure of Magie de Droom', '健康', '文化', '社會']",['社會 & 文化']
11725,[Magie的荷蘭冒險之旅 The Adventure of Magie de Droom] 中獎率比一比：樂透 vs. COVID19,YuChia,2020-05-01 03:52:39,"['Magie的荷蘭冒險之旅 The Adventure of Magie de Droom', '健康', '文化', '社會']",['社會 & 文化']
11741,淺談荷蘭認知神經科學之研究與應用,ChengHua,2020-05-05 19:38:37,"['大學', '學術研究', '教育', '科學']",['環境 & 科學']
11782,[Magie的荷蘭冒險之旅 The Adventure of Magie de Droom] 現在是什麼情形？！,YuChia,2020-05-22 06:07:37,"['Magie的荷蘭冒險之旅 The Adventure of Magie de Droom', '健康', '文化', '社會']",['社會 & 文化']
11820,新冠疫情下在荷國際學生求職簽證的困境與訴求,HanChu,2020-06-04 09:10:30,"['在荷蘭工作', '工作', '社會']",['社會 & 文化']
11796,台夫特理工大學產品互動設計（TU Delft Design for Interaction）碩士學程：課程規劃與產學合作心得，以及台荷設計教育的經驗比較,DoraHo,2020-06-05 09:09:25,"['互動設計', '台夫特', '台夫特大學', '產品設計', '留學', '留學荷蘭', '碩士', '設計']",['留學荷蘭']
11833,2020荷蘭亞洲電影節專訪：李耀華製片談擔任評審經驗，以及對台灣電影產業的觀察,RubyHsieh,2020-06-22 05:42:14,"['CinemAsia', '亞洲', '亞洲電影節', '阿姆斯特丹', '電影']",['人文 & 藝術']
11844,正大光明地偷窺鄰居？一年一度的Gluren bij de Buren客廳藝術節，來去荷蘭人家裡看表演吧！,mumu,2020-07-01 05:03:09,"['城市', '文化', '社會', '藝術', '表演', '音樂']",['人文 & 藝術']
11887,1930年代荷蘭國家博物館的歷史展示改革：從沙龍式展示邁向編年架構的國史敘事,PaoYi,2020-07-16 19:54:27,"['博物館', '國立博物館', '故事', '文化', '歷史', '藝術', '阿姆斯特丹']",['人文 & 藝術']
11919,鹿特丹大學住宅與城市發展研究所（IHS）碩士學程介紹與留學心得分享,cocowu,2020-07-24 09:38:49,"['留學', '留學荷蘭', '碩士', '都市規劃', '鹿特丹']",['留學荷蘭']
11939,[貓力畫荷蘭] 繼警用直升機之後，林堡省農民工會（LLTB）使用無人機檢查玉米田中的非法種植大麻,moli,2020-07-30 20:44:35,"['大麻', '林堡省', '貓力畫荷蘭', '農業']",['社會 & 文化']
11950,荷蘭貓奴入門指南,seigen,2020-08-30 04:49:06,"['動物', '動物福利', '貓']",['社會 & 文化']
11969,世外桃源或與世隔絕——荷蘭如何處置犯下重罪的精神疾患者？,AmyChan,2020-09-29 16:03:47,"['監獄', '社會']",['社會 & 文化']
11989,再好也沒人想去關？一窺荷蘭的監獄運作,AmyChan,2020-09-29 16:12:13,"['監獄', '社會']",['社會 & 文化']
11991,承接偏差少年的轉捩點：荷蘭JJI Het Keerpunt司法少年收容機構,AmyChan,2020-09-29 16:27:16,"['監獄', '社會']",['社會 & 文化']
11993,荷蘭毒品成癮者復歸社會的最後一哩路：戒癮之家Spetse Hoeve,AmyChan,2020-09-29 18:17:33,"['毒品', '社會']",['社會 & 文化']
12064,住進去就無法退房的Nationaal Monument Oranjehotel奧蘭治酒店：在牢房裡向為自由荷蘭奮鬥的志士致敬,mumu,2020-10-27 18:28:08,"['Den Haag', '二戰', '故事', '景點', '歷史', '海牙', '監獄']",['社會 & 文化']
12104,Kattencafé Kopjes：阿姆斯特丹貓奴的小天堂,Cherie,2020-11-22 16:34:42,"['動物', '咖啡', '貓', '阿姆斯特丹', '餐廳']",['吃喝 & 玩樂']
12108,荷蘭留學：在荷蘭念碩士需要多少錢？,oceaneyu,2020-11-02 03:56:09,"['留學', '留學荷蘭', '碩士']",['留學荷蘭']
12127,我們為什麼讀詩？「當楊牧航向荷蘭」譯者座談後記,UgaHuang,2020-11-12 10:18:06,"['出版', '文學', '書', '活動', '詩']",['人文 & 藝術']
12162,水之防禦：阿姆斯特丹防線與新舊荷蘭水線,lanxueguan,2020-11-19 19:04:25,"['世界遺產', '古蹟', '戰爭', '景點', '歷史', '運河', '阿姆斯特丹']",['社會 & 文化']
12241,荷蘭跨國科技業PM實習：面試準備＆實戰經驗分享,irisyang,2020-12-01 05:05:53,"['在荷蘭工作', '就業', '工作', '荷蘭工作']",['社會 & 文化']
